Series_Title,Released_Year,Certificate,Runtime,Genre,IMDB_Rating,Director,
The Shawshank Redemption,1994,A,142 min,Drama,9.3,Frank Darabont,
The Godfather,1972,A,175 min,"Crime, Drama",9.2,Francis Ford Coppola,
The Dark Knight,2008,UA,152 min,"Action, Crime, Drama",9,Christopher Nolan,
The Godfather: Part II,1974,A,202 min,"Crime, Drama",9,Francis Ford Coppola,
12 Angry Men,1957,U,96 min,"Crime, Drama",9,Sidney Lumet,
The Lord of the Rings: The Return of the King,2003,U,201 min,"Action, Adventure, Drama",8.9,Peter Jackson,
Pulp Fiction,1994,A,154 min,"Crime, Drama",8.9,Quentin Tarantino,
Schindler's List,1993,A,195 min,"Biography, Drama, History",8.9,Steven Spielberg,
Inception,2010,UA,148 min,"Action, Adventure, Sci-Fi",8.8,Christopher Nolan,
Fight Club,1999,A,139 min,Drama,8.8,David Fincher,
The Lord of the Rings: The Fellowship of the Ring,2001,U,178 min,"Action, Adventure, Drama",8.8,Peter Jackson,
Forrest Gump,1994,UA,142 min,"Drama, Romance",8.8,Robert Zemeckis,
"Il buono, il brutto, il cattivo",1966,A,161 min,Western,8.8,Sergio Leone,
The Lord of the Rings: The Two Towers,2002,UA,179 min,"Action, Adventure, Drama",8.7,Peter Jackson,
The Matrix,1999,A,136 min,"Action, Sci-Fi",8.7,Lana Wachowski,
Goodfellas,1990,A,146 min,"Biography, Crime, Drama",8.7,Martin Scorsese,
Star Wars: Episode V - The Empire Strikes Back,1980,UA,124 min,"Action, Adventure, Fantasy",8.7,Irvin Kershner,
One Flew Over the Cuckoo's Nest,1975,A,133 min,Drama,8.7,Milos Forman,
Hamilton,2020,PG-13,160 min,"Biography, Drama, History",8.6,Thomas Kail,
Gisaengchung,2019,A,132 min,"Comedy, Drama, Thriller",8.6,Bong Joon Ho,
Soorarai Pottru,2020,U,153 min,Drama,8.6,Sudha Kongara,
Interstellar,2014,UA,169 min,"Adventure, Drama, Sci-Fi",8.6,Christopher Nolan,
Cidade de Deus,2002,A,130 min,"Crime, Drama",8.6,Fernando Meirelles,
Sen to Chihiro no kamikakushi,2001,U,125 min,"Animation, Adventure, Family",8.6,Hayao Miyazaki,
Saving Private Ryan,1998,R,169 min,"Drama, War",8.6,Steven Spielberg,
The Green Mile,1999,A,189 min,"Crime, Drama, Fantasy",8.6,Frank Darabont,
La vita è bella,1997,U,116 min,"Comedy, Drama, Romance",8.6,Roberto Benigni,
Se7en,1995,A,127 min,"Crime, Drama, Mystery",8.6,David Fincher,
The Silence of the Lambs,1991,A,118 min,"Crime, Drama, Thriller",8.6,Jonathan Demme,
Star Wars,1977,UA,121 min,"Action, Adventure, Fantasy",8.6,George Lucas,
Seppuku,1962,,133 min,"Action, Drama, Mystery",8.6,Masaki Kobayashi,
Shichinin no samurai,1954,U,207 min,"Action, Adventure, Drama",8.6,Akira Kurosawa,
It's a Wonderful Life,1946,PG,130 min,"Drama, Family, Fantasy",8.6,Frank Capra,
Joker,2019,A,122 min,"Crime, Drama, Thriller",8.5,Todd Phillips,
Whiplash,2014,A,106 min,"Drama, Music",8.5,Damien Chazelle,
The Intouchables,2011,UA,112 min,"Biography, Comedy, Drama",8.5,Olivier Nakache,
The Prestige,2006,U,130 min,"Drama, Mystery, Sci-Fi",8.5,Christopher Nolan,
The Departed,2006,A,151 min,"Crime, Drama, Thriller",8.5,Martin Scorsese,
The Pianist,2002,R,150 min,"Biography, Drama, Music",8.5,Roman Polanski,
Gladiator,2000,UA,155 min,"Action, Adventure, Drama",8.5,Ridley Scott,
American History X,1998,R,119 min,Drama,8.5,Tony Kaye,
The Usual Suspects,1995,A,106 min,"Crime, Mystery, Thriller",8.5,Bryan Singer,
Léon,1994,A,110 min,"Action, Crime, Drama",8.5,Luc Besson,
The Lion King,1994,U,88 min,"Animation, Adventure, Drama",8.5,Roger Allers,
Terminator 2: Judgment Day,1991,U,137 min,"Action, Sci-Fi",8.5,James Cameron,
Nuovo Cinema Paradiso,1988,U,155 min,"Drama, Romance",8.5,Giuseppe Tornatore,
Hotaru no haka,1988,U,89 min,"Animation, Drama, War",8.5,Isao Takahata,
Back to the Future,1985,U,116 min,"Adventure, Comedy, Sci-Fi",8.5,Robert Zemeckis,
Once Upon a Time in the West,1968,U,165 min,Western,8.5,Sergio Leone,
Psycho,1960,A,109 min,"Horror, Mystery, Thriller",8.5,Alfred Hitchcock,
Casablanca,1942,U,102 min,"Drama, Romance, War",8.5,Michael Curtiz,
Modern Times,1936,G,87 min,"Comedy, Drama, Family",8.5,Charles Chaplin,
City Lights,1931,G,87 min,"Comedy, Drama, Romance",8.5,Charles Chaplin,
Capharnaüm,2018,A,126 min,Drama,8.4,Nadine Labaki,
Ayla: The Daughter of War,2017,,125 min,"Biography, Drama, History",8.4,Can Ulkay,
Vikram Vedha,2017,UA,147 min,"Action, Crime, Drama",8.4,Gayatri,
Kimi no na wa.,2016,U,106 min,"Animation, Drama, Fantasy",8.4,Makoto Shinkai,
Dangal,2016,U,161 min,"Action, Biography, Drama",8.4,Nitesh Tiwari,
Spider-Man: Into the Spider-Verse,2018,U,117 min,"Animation, Action, Adventure",8.4,Bob Persichetti,
Avengers: Endgame,2019,UA,181 min,"Action, Adventure, Drama",8.4,Anthony Russo,
Avengers: Infinity War,2018,UA,149 min,"Action, Adventure, Sci-Fi",8.4,Anthony Russo,
Coco,2017,U,105 min,"Animation, Adventure, Family",8.4,Lee Unkrich,
Django Unchained,2012,A,165 min,"Drama, Western",8.4,Quentin Tarantino,
The Dark Knight Rises,2012,UA,164 min,"Action, Adventure",8.4,Christopher Nolan,
3 Idiots,2009,UA,170 min,"Comedy, Drama",8.4,Rajkumar Hirani,
Taare Zameen Par,2007,U,165 min,"Drama, Family",8.4,Aamir Khan,
WALL·E,2008,U,98 min,"Animation, Adventure, Family",8.4,Andrew Stanton,
The Lives of Others,2006,A,137 min,"Drama, Mystery, Thriller",8.4,Florian Henckel von Donnersmarck,
Oldeuboi,2003,A,101 min,"Action, Drama, Mystery",8.4,Chan-wook Park,
Memento,2000,UA,113 min,"Mystery, Thriller",8.4,Christopher Nolan,
Mononoke-hime,1997,U,134 min,"Animation, Action, Adventure",8.4,Hayao Miyazaki,
Once Upon a Time in America,1984,A,229 min,"Crime, Drama",8.4,Sergio Leone,
Raiders of the Lost Ark,1981,A,115 min,"Action, Adventure",8.4,Steven Spielberg,
The Shining,1980,A,146 min,"Drama, Horror",8.4,Stanley Kubrick,
Apocalypse Now,1979,R,147 min,"Drama, Mystery, War",8.4,Francis Ford Coppola,
Alien,1979,R,117 min,"Horror, Sci-Fi",8.4,Ridley Scott,
Anand,1971,U,122 min,"Drama, Musical",8.4,Hrishikesh Mukherjee,
Tengoku to jigoku,1963,,143 min,"Crime, Drama, Mystery",8.4,Akira Kurosawa,
Dr. Strangelove or: How I Learned to Stop Worrying and Love the Bomb,1964,A,95 min,Comedy,8.4,Stanley Kubrick,
Witness for the Prosecution,1957,U,116 min,"Crime, Drama, Mystery",8.4,Billy Wilder,
Paths of Glory,1957,A,88 min,"Drama, War",8.4,Stanley Kubrick,
Rear Window,1954,U,112 min,"Mystery, Thriller",8.4,Alfred Hitchcock,
Sunset Blvd.,1950,Passed,110 min,"Drama, Film-Noir",8.4,Billy Wilder,
The Great Dictator,1940,Passed,125 min,"Comedy, Drama, War",8.4,Charles Chaplin,
1917,2019,R,119 min,"Drama, Thriller, War",8.3,Sam Mendes,
Tumbbad,2018,A,104 min,"Drama, Fantasy, Horror",8.3,Rahi Anil Barve,
Andhadhun,2018,UA,139 min,"Crime, Drama, Music",8.3,Sriram Raghavan,
Drishyam,2013,U,160 min,"Crime, Drama, Thriller",8.3,Jeethu Joseph,
Jagten,2012,R,115 min,Drama,8.3,Thomas Vinterberg,
Jodaeiye Nader az Simin,2011,PG-13,123 min,Drama,8.3,Asghar Farhadi,
Incendies,2010,R,131 min,"Drama, Mystery, War",8.3,Denis Villeneuve,
Miracle in cell NO.7,2019,TV-14,132 min,Drama,8.3,Mehmet Ada Öztekin,
Babam ve Oglum,2005,,112 min,"Drama, Family",8.3,Çagan Irmak,
Inglourious Basterds,2009,A,153 min,"Adventure, Drama, War",8.3,Quentin Tarantino,
Eternal Sunshine of the Spotless Mind,2004,UA,108 min,"Drama, Romance, Sci-Fi",8.3,Michel Gondry,
Amélie,2001,U,122 min,"Comedy, Romance",8.3,Jean-Pierre Jeunet,
Snatch,2000,UA,104 min,"Comedy, Crime",8.3,Guy Ritchie,
Requiem for a Dream,2000,A,102 min,Drama,8.3,Darren Aronofsky,
American Beauty,1999,UA,122 min,Drama,8.3,Sam Mendes,
Good Will Hunting,1997,U,126 min,"Drama, Romance",8.3,Gus Van Sant,
Bacheha-Ye aseman,1997,PG,89 min,"Drama, Family, Sport",8.3,Majid Majidi,
Toy Story,1995,U,81 min,"Animation, Adventure, Comedy",8.3,John Lasseter,
Braveheart,1995,A,178 min,"Biography, Drama, History",8.3,Mel Gibson,
Reservoir Dogs,1992,R,99 min,"Crime, Drama, Thriller",8.3,Quentin Tarantino,
Full Metal Jacket,1987,UA,116 min,"Drama, War",8.3,Stanley Kubrick,
Idi i smotri,1985,A,142 min,"Drama, Thriller, War",8.3,Elem Klimov,
Aliens,1986,U,137 min,"Action, Adventure, Sci-Fi",8.3,James Cameron,
Amadeus,1984,R,160 min,"Biography, Drama, History",8.3,Milos Forman,
Scarface,1983,A,170 min,"Crime, Drama",8.3,Brian De Palma,
Star Wars: Episode VI - Return of the Jedi,1983,U,131 min,"Action, Adventure, Fantasy",8.3,Richard Marquand,
Das Boot,1981,R,149 min,"Adventure, Drama, Thriller",8.3,Wolfgang Petersen,
Taxi Driver,1976,A,114 min,"Crime, Drama",8.3,Martin Scorsese,
The Sting,1973,U,129 min,"Comedy, Crime, Drama",8.3,George Roy Hill,
A Clockwork Orange,1971,A,136 min,"Crime, Drama, Sci-Fi",8.3,Stanley Kubrick,
2001: A Space Odyssey,1968,U,149 min,"Adventure, Sci-Fi",8.3,Stanley Kubrick,
Per qualche dollaro in più,1965,U,132 min,Western,8.3,Sergio Leone,
Lawrence of Arabia,1962,U,228 min,"Adventure, Biography, Drama",8.3,David Lean,
The Apartment,1960,U,125 min,"Comedy, Drama, Romance",8.3,Billy Wilder,
North by Northwest,1959,U,136 min,"Adventure, Mystery, Thriller",8.3,Alfred Hitchcock,
Vertigo,1958,A,128 min,"Mystery, Romance, Thriller",8.3,Alfred Hitchcock,
Singin' in the Rain,1952,G,103 min,"Comedy, Musical, Romance",8.3,Stanley Donen,
Ikiru,1952,,143 min,Drama,8.3,Akira Kurosawa,
Ladri di biciclette,1948,,89 min,Drama,8.3,Vittorio De Sica,
Double Indemnity,1944,Passed,107 min,"Crime, Drama, Film-Noir",8.3,Billy Wilder,
Citizen Kane,1941,UA,119 min,"Drama, Mystery",8.3,Orson Welles,
M - Eine Stadt sucht einen Mörder,1931,Passed,117 min,"Crime, Mystery, Thriller",8.3,Fritz Lang,
Metropolis,1927,,153 min,"Drama, Sci-Fi",8.3,Fritz Lang,
The Kid,1921,Passed,68 min,"Comedy, Drama, Family",8.3,Charles Chaplin,
Chhichhore,2019,UA,143 min,"Comedy, Drama",8.2,Nitesh Tiwari,
Uri: The Surgical Strike,2018,UA,138 min,"Action, Drama, War",8.2,Aditya Dhar,
K.G.F: Chapter 1,2018,UA,156 min,"Action, Drama",8.2,Prashanth Neel,
Green Book,2018,UA,130 min,"Biography, Comedy, Drama",8.2,Peter Farrelly,
"Three Billboards Outside Ebbing, Missouri",2017,A,115 min,"Comedy, Crime, Drama",8.2,Martin McDonagh,
Talvar,2015,UA,132 min,"Crime, Drama, Mystery",8.2,Meghna Gulzar,
Baahubali 2: The Conclusion,2017,UA,167 min,"Action, Drama",8.2,S.S. Rajamouli,
Klaus,2019,PG,96 min,"Animation, Adventure, Comedy",8.2,Sergio Pablos,
Drishyam,2015,UA,163 min,"Crime, Drama, Mystery",8.2,Nishikant Kamat,
Queen,2013,UA,146 min,"Adventure, Comedy, Drama",8.2,Vikas Bahl,
Mandariinid,2013,,87 min,"Drama, War",8.2,Zaza Urushadze,
Bhaag Milkha Bhaag,2013,U,186 min,"Biography, Drama, Sport",8.2,Rakeysh Omprakash Mehra,
Gangs of Wasseypur,2012,A,321 min,"Action, Comedy, Crime",8.2,Anurag Kashyap,
Udaan,2010,UA,134 min,Drama,8.2,Vikramaditya Motwane,
Paan Singh Tomar,2012,UA,135 min,"Action, Biography, Crime",8.2,Tigmanshu Dhulia,
El secreto de sus ojos,2009,R,129 min,"Drama, Mystery, Romance",8.2,Juan José Campanella,
Warrior,2011,UA,140 min,"Action, Drama, Sport",8.2,Gavin O'Connor,
Shutter Island,2010,A,138 min,"Mystery, Thriller",8.2,Martin Scorsese,
Up,2009,U,96 min,"Animation, Adventure, Comedy",8.2,Pete Docter,
The Wolf of Wall Street,2013,A,180 min,"Biography, Crime, Drama",8.2,Martin Scorsese,
Chak De! India,2007,U,153 min,"Drama, Family, Sport",8.2,Shimit Amin,
There Will Be Blood,2007,A,158 min,Drama,8.2,Paul Thomas Anderson,
Pan's Labyrinth,2006,UA,118 min,"Drama, Fantasy, War",8.2,Guillermo del Toro,
Toy Story 3,2010,U,103 min,"Animation, Adventure, Comedy",8.2,Lee Unkrich,
V for Vendetta,2005,A,132 min,"Action, Drama, Sci-Fi",8.2,James McTeigue,
Rang De Basanti,2006,UA,167 min,"Comedy, Crime, Drama",8.2,Rakeysh Omprakash Mehra,
Black,2005,U,122 min,Drama,8.2,Sanjay Leela Bhansali,
Batman Begins,2005,UA,140 min,"Action, Adventure",8.2,Christopher Nolan,
"Swades: We, the People",2004,U,210 min,Drama,8.2,Ashutosh Gowariker,
Der Untergang,2004,R,156 min,"Biography, Drama, History",8.2,Oliver Hirschbiegel,
Hauru no ugoku shiro,2004,U,119 min,"Animation, Adventure, Family",8.2,Hayao Miyazaki,
A Beautiful Mind,2001,UA,135 min,"Biography, Drama",8.2,Ron Howard,
Hera Pheri,2000,U,156 min,"Action, Comedy, Crime",8.2,Priyadarshan,
"Lock, Stock and Two Smoking Barrels",1998,A,107 min,"Action, Comedy, Crime",8.2,Guy Ritchie,
L.A. Confidential,1997,A,138 min,"Crime, Drama, Mystery",8.2,Curtis Hanson,
Eskiya,1996,,128 min,"Crime, Drama, Thriller",8.2,Yavuz Turgul,
Heat,1995,A,170 min,"Crime, Drama, Thriller",8.2,Michael Mann,
Casino,1995,A,178 min,"Crime, Drama",8.2,Martin Scorsese,
Andaz Apna Apna,1994,U,160 min,"Action, Comedy, Romance",8.2,Rajkumar Santoshi,
Unforgiven,1992,A,130 min,"Drama, Western",8.2,Clint Eastwood,
Indiana Jones and the Last Crusade,1989,U,127 min,"Action, Adventure",8.2,Steven Spielberg,
Dom za vesanje,1988,R,142 min,"Comedy, Crime, Drama",8.2,Emir Kusturica,
Tonari no Totoro,1988,U,86 min,"Animation, Family, Fantasy",8.2,Hayao Miyazaki,
Die Hard,1988,A,132 min,"Action, Thriller",8.2,John McTiernan,
Ran,1985,U,162 min,"Action, Drama, War",8.2,Akira Kurosawa,
Raging Bull,1980,A,129 min,"Biography, Drama, Sport",8.2,Martin Scorsese,
Stalker,1979,U,162 min,"Drama, Sci-Fi",8.2,Andrei Tarkovsky,
Höstsonaten,1978,U,99 min,"Drama, Music",8.2,Ingmar Bergman,
The Message,1976,PG,177 min,"Biography, Drama, History",8.2,Moustapha Akkad,
Sholay,1975,U,204 min,"Action, Adventure, Comedy",8.2,Ramesh Sippy,
Monty Python and the Holy Grail,1975,PG,91 min,"Adventure, Comedy, Fantasy",8.2,Terry Gilliam,
The Great Escape,1963,U,172 min,"Adventure, Drama, History",8.2,John Sturges,
To Kill a Mockingbird,1962,U,129 min,"Crime, Drama",8.2,Robert Mulligan,
Yôjinbô,1961,,110 min,"Action, Drama, Thriller",8.2,Akira Kurosawa,
Judgment at Nuremberg,1961,A,179 min,"Drama, War",8.2,Stanley Kramer,
Some Like It Hot,1959,U,121 min,"Comedy, Music, Romance",8.2,Billy Wilder,
Smultronstället,1957,U,91 min,"Drama, Romance",8.2,Ingmar Bergman,
Det sjunde inseglet,1957,A,96 min,"Drama, Fantasy, History",8.2,Ingmar Bergman,
Du rififi chez les hommes,1955,,118 min,"Crime, Drama, Thriller",8.2,Jules Dassin,
Dial M for Murder,1954,A,105 min,"Crime, Thriller",8.2,Alfred Hitchcock,
Tôkyô monogatari,1953,U,136 min,Drama,8.2,Yasujirô Ozu,
Rashômon,1950,,88 min,"Crime, Drama, Mystery",8.2,Akira Kurosawa,
All About Eve,1950,Passed,138 min,Drama,8.2,Joseph L. Mankiewicz,
The Treasure of the Sierra Madre,1948,Passed,126 min,"Adventure, Drama, Western",8.2,John Huston,
To Be or Not to Be,1942,Passed,99 min,"Comedy, War",8.2,Ernst Lubitsch,
The Gold Rush,1925,Passed,95 min,"Adventure, Comedy, Drama",8.2,Charles Chaplin,
Sherlock Jr.,1924,Passed,45 min,"Action, Comedy, Romance",8.2,Buster Keaton,
Portrait de la jeune fille en feu,2019,R,122 min,"Drama, Romance",8.1,Céline Sciamma,
Pink,2016,UA,136 min,"Drama, Thriller",8.1,Aniruddha Roy Chowdhury,
Koe no katachi,2016,16,130 min,"Animation, Drama, Family",8.1,Naoko Yamada,
Contratiempo,2016,TV-MA,106 min,"Crime, Drama, Mystery",8.1,Oriol Paulo,
Ah-ga-ssi,2016,A,145 min,"Drama, Romance, Thriller",8.1,Chan-wook Park,
Mommy,2014,R,139 min,Drama,8.1,Xavier Dolan,
Haider,2014,UA,160 min,"Action, Crime, Drama",8.1,Vishal Bhardwaj,
Logan,2017,A,137 min,"Action, Drama, Sci-Fi",8.1,James Mangold,
Room,2015,R,118 min,"Drama, Thriller",8.1,Lenny Abrahamson,
Relatos salvajes,2014,R,122 min,"Comedy, Drama, Thriller",8.1,Damián Szifron,
Soul,2020,U,100 min,"Animation, Adventure, Comedy",8.1,Pete Docter,
Kis Uykusu,2014,,196 min,Drama,8.1,Nuri Bilge Ceylan,
PK,2014,UA,153 min,"Comedy, Drama, Musical",8.1,Rajkumar Hirani,
OMG: Oh My God!,2012,U,125 min,"Comedy, Drama, Fantasy",8.1,Umesh Shukla,
The Grand Budapest Hotel,2014,UA,99 min,"Adventure, Comedy, Crime",8.1,Wes Anderson,
Gone Girl,2014,A,149 min,"Drama, Mystery, Thriller",8.1,David Fincher,
Ôkami kodomo no Ame to Yuki,2012,U,117 min,"Animation, Drama, Fantasy",8.1,Mamoru Hosoda,
Hacksaw Ridge,2016,A,139 min,"Biography, Drama, History",8.1,Mel Gibson,
Inside Out,2015,U,95 min,"Animation, Adventure, Comedy",8.1,Pete Docter,
Barfi!,2012,U,151 min,"Comedy, Drama, Romance",8.1,Anurag Basu,
12 Years a Slave,2013,A,134 min,"Biography, Drama, History",8.1,Steve McQueen,
Rush,2013,UA,123 min,"Action, Biography, Drama",8.1,Ron Howard,
Ford v Ferrari,2019,UA,152 min,"Action, Biography, Drama",8.1,James Mangold,
Spotlight,2015,A,129 min,"Biography, Crime, Drama",8.1,Tom McCarthy,
Song of the Sea,2014,PG,93 min,"Animation, Adventure, Drama",8.1,Tomm Moore,
Kahaani,2012,UA,122 min,"Mystery, Thriller",8.1,Sujoy Ghosh,
Zindagi Na Milegi Dobara,2011,U,155 min,"Comedy, Drama",8.1,Zoya Akhtar,
Prisoners,2013,A,153 min,"Crime, Drama, Mystery",8.1,Denis Villeneuve,
Mad Max: Fury Road,2015,UA,120 min,"Action, Adventure, Sci-Fi",8.1,George Miller,
A Wednesday,2008,UA,104 min,"Action, Crime, Drama",8.1,Neeraj Pandey,
Gran Torino,2008,R,116 min,Drama,8.1,Clint Eastwood,
Harry Potter and the Deathly Hallows: Part 2,2011,UA,130 min,"Adventure, Drama, Fantasy",8.1,David Yates,
Okuribito,2008,PG-13,130 min,"Drama, Music",8.1,Yôjirô Takita,
Hachi: A Dog's Tale,2009,G,93 min,"Biography, Drama, Family",8.1,Lasse Hallström,
Mary and Max,2009,,92 min,"Animation, Comedy, Drama",8.1,Adam Elliot,
How to Train Your Dragon,2010,U,98 min,"Animation, Action, Adventure",8.1,Dean DeBlois,
Into the Wild,2007,R,148 min,"Adventure, Biography, Drama",8.1,Sean Penn,
No Country for Old Men,2007,R,122 min,"Crime, Drama, Thriller",8.1,Ethan Coen,
Lage Raho Munna Bhai,2006,U,144 min,"Comedy, Drama, Romance",8.1,Rajkumar Hirani,
Million Dollar Baby,2004,UA,132 min,"Drama, Sport",8.1,Clint Eastwood,
Hotel Rwanda,2004,PG-13,121 min,"Biography, Drama, History",8.1,Terry George,
Taegukgi hwinalrimyeo,2004,R,140 min,"Action, Drama, War",8.1,Je-kyu Kang,
Before Sunset,2004,R,80 min,"Drama, Romance",8.1,Richard Linklater,
Munna Bhai M.B.B.S.,2003,U,156 min,"Comedy, Drama, Musical",8.1,Rajkumar Hirani,
Salinui chueok,2003,UA,131 min,"Crime, Drama, Mystery",8.1,Bong Joon Ho,
Dil Chahta Hai,2001,Unrated,183 min,"Comedy, Drama, Romance",8.1,Farhan Akhtar,
Kill Bill: Vol. 1,2003,R,111 min,"Action, Crime, Drama",8.1,Quentin Tarantino,
Finding Nemo,2003,U,100 min,"Animation, Adventure, Comedy",8.1,Andrew Stanton,
Catch Me If You Can,2002,A,141 min,"Biography, Crime, Drama",8.1,Steven Spielberg,
Amores perros,2000,A,154 min,"Drama, Thriller",8.1,Alejandro G. Iñárritu,
"Monsters, Inc.",2001,U,92 min,"Animation, Adventure, Comedy",8.1,Pete Docter,
"Shin seiki Evangelion Gekijô-ban: Air/Magokoro wo, kimi ni",1997,UA,87 min,"Animation, Action, Drama",8.1,Hideaki Anno,
Lagaan: Once Upon a Time in India,2001,U,224 min,"Adventure, Drama, Musical",8.1,Ashutosh Gowariker,
The Sixth Sense,1999,A,107 min,"Drama, Mystery, Thriller",8.1,M. Night Shyamalan,
La leggenda del pianista sull'oceano,1998,U,169 min,"Drama, Music, Romance",8.1,Giuseppe Tornatore,
The Truman Show,1998,U,103 min,"Comedy, Drama",8.1,Peter Weir,
"Crna macka, beli macor",1998,R,127 min,"Comedy, Crime, Romance",8.1,Emir Kusturica,
The Big Lebowski,1998,R,117 min,"Comedy, Crime, Sport",8.1,Joel Coen,
Fa yeung nin wah,2000,U,98 min,"Drama, Romance",8.1,Kar-Wai Wong,
Trainspotting,1996,A,93 min,Drama,8.1,Danny Boyle,
Fargo,1996,A,98 min,"Crime, Drama, Thriller",8.1,Joel Coen,
Underground,1995,,170 min,"Comedy, Drama, War",8.1,Emir Kusturica,
La haine,1995,UA,98 min,"Crime, Drama",8.1,Mathieu Kassovitz,
Dilwale Dulhania Le Jayenge,1995,U,189 min,"Drama, Romance",8.1,Aditya Chopra,
Before Sunrise,1995,R,101 min,"Drama, Romance",8.1,Richard Linklater,
Trois couleurs: Rouge,1994,U,99 min,"Drama, Mystery, Romance",8.1,Krzysztof Kieslowski,
Chung Hing sam lam,1994,U,102 min,"Comedy, Crime, Drama",8.1,Kar-Wai Wong,
Jurassic Park,1993,UA,127 min,"Action, Adventure, Sci-Fi",8.1,Steven Spielberg,
In the Name of the Father,1993,UA,133 min,"Biography, Crime, Drama",8.1,Jim Sheridan,
Ba wang bie ji,1993,R,171 min,"Drama, Music, Romance",8.1,Kaige Chen,
Dà hóng denglong gaogao guà,1991,PG,125 min,"Drama, History, Romance",8.1,Yimou Zhang,
Dead Poets Society,1989,U,128 min,"Comedy, Drama",8.1,Peter Weir,
Stand by Me,1986,U,89 min,"Adventure, Drama",8.1,Rob Reiner,
Platoon,1986,A,120 min,"Drama, War",8.1,Oliver Stone,
"Paris, Texas",1984,U,145 min,Drama,8.1,Wim Wenders,
Kaze no tani no Naushika,1984,U,117 min,"Animation, Adventure, Fantasy",8.1,Hayao Miyazaki,
The Thing,1982,A,109 min,"Horror, Mystery, Sci-Fi",8.1,John Carpenter,
Pink Floyd: The Wall,1982,UA,95 min,"Drama, Fantasy, Music",8.1,Alan Parker,
Fitzcarraldo,1982,R,158 min,"Adventure, Drama",8.1,Werner Herzog,
Fanny och Alexander,1982,A,188 min,Drama,8.1,Ingmar Bergman,
Blade Runner,1982,UA,117 min,"Action, Sci-Fi, Thriller",8.1,Ridley Scott,
The Elephant Man,1980,UA,124 min,"Biography, Drama",8.1,David Lynch,
Life of Brian,1979,R,94 min,Comedy,8.1,Terry Jones,
The Deer Hunter,1978,A,183 min,"Drama, War",8.1,Michael Cimino,
Rocky,1976,U,120 min,"Drama, Sport",8.1,John G. Avildsen,
Network,1976,UA,121 min,Drama,8.1,Sidney Lumet,
Barry Lyndon,1975,PG,185 min,"Adventure, Drama, History",8.1,Stanley Kubrick,
Zerkalo,1975,G,107 min,"Biography, Drama",8.1,Andrei Tarkovsky,
Chinatown,1974,UA,130 min,"Drama, Mystery, Thriller",8.1,Roman Polanski,
Paper Moon,1973,U,102 min,"Comedy, Crime, Drama",8.1,Peter Bogdanovich,
Viskningar och rop,1972,A,91 min,Drama,8.1,Ingmar Bergman,
Solaris,1972,PG,167 min,"Drama, Mystery, Sci-Fi",8.1,Andrei Tarkovsky,
Le samouraï,1967,GP,105 min,"Crime, Drama, Mystery",8.1,Jean-Pierre Melville,
Cool Hand Luke,1967,A,127 min,"Crime, Drama",8.1,Stuart Rosenberg,
Persona,1966,,85 min,"Drama, Thriller",8.1,Ingmar Bergman,
Andrei Rublev,1966,R,205 min,"Biography, Drama, History",8.1,Andrei Tarkovsky,
La battaglia di Algeri,1966,,121 min,"Drama, War",8.1,Gillo Pontecorvo,
El ángel exterminador,1962,,95 min,"Drama, Fantasy",8.1,Luis Buñuel,
What Ever Happened to Baby Jane?,1962,Passed,134 min,"Drama, Horror, Thriller",8.1,Robert Aldrich,
Sanjuro,1962,U,96 min,"Action, Comedy, Crime",8.1,Akira Kurosawa,
The Man Who Shot Liberty Valance,1962,,123 min,"Drama, Western",8.1,John Ford,
Ivanovo detstvo,1962,,95 min,"Drama, War",8.1,Andrei Tarkovsky,
Jungfrukällan,1960,A,89 min,Drama,8.1,Ingmar Bergman,
Inherit the Wind,1960,Passed,128 min,"Biography, Drama, History",8.1,Stanley Kramer,
Les quatre cents coups,1959,,99 min,"Crime, Drama",8.1,François Truffaut,
Ben-Hur,1959,U,212 min,"Adventure, Drama, History",8.1,William Wyler,
Kakushi-toride no san-akunin,1958,,139 min,"Adventure, Drama",8.1,Akira Kurosawa,
Le notti di Cabiria,1957,,110 min,Drama,8.1,Federico Fellini,
Kumonosu-jô,1957,,110 min,"Drama, History",8.1,Akira Kurosawa,
The Bridge on the River Kwai,1957,PG,161 min,"Adventure, Drama, War",8.1,David Lean,
On the Waterfront,1954,A,108 min,"Crime, Drama, Thriller",8.1,Elia Kazan,
Le salaire de la peur,1953,U,131 min,"Adventure, Drama, Thriller",8.1,Henri-Georges Clouzot,
Ace in the Hole,1951,Approved,111 min,"Drama, Film-Noir",8.1,Billy Wilder,
White Heat,1949,,114 min,"Action, Crime, Drama",8.1,Raoul Walsh,
The Third Man,1949,Approved,104 min,"Film-Noir, Mystery, Thriller",8.1,Carol Reed,
The Red Shoes,1948,,135 min,"Drama, Music, Romance",8.1,Michael Powell,
The Shop Around the Corner,1940,,99 min,"Comedy, Drama, Romance",8.1,Ernst Lubitsch,
Rebecca,1940,Approved,130 min,"Drama, Mystery, Romance",8.1,Alfred Hitchcock,
Mr. Smith Goes to Washington,1939,Passed,129 min,"Comedy, Drama",8.1,Frank Capra,
Gone with the Wind,1939,U,238 min,"Drama, History, Romance",8.1,Victor Fleming,
La Grande Illusion,1937,,113 min,"Drama, War",8.1,Jean Renoir,
It Happened One Night,1934,Approved,105 min,"Comedy, Romance",8.1,Frank Capra,
La passion de Jeanne d'Arc,1928,Passed,110 min,"Biography, Drama, History",8.1,Carl Theodor Dreyer,
The Circus,1928,Passed,72 min,"Comedy, Romance",8.1,Charles Chaplin,
Sunrise: A Song of Two Humans,1927,Passed,94 min,"Drama, Romance",8.1,F.W. Murnau,
The General,1926,Passed,67 min,"Action, Adventure, Comedy",8.1,Clyde Bruckman,
Das Cabinet des Dr. Caligari,1920,,76 min,"Fantasy, Horror, Mystery",8.1,Robert Wiene,
Badhaai ho,2018,UA,124 min,"Comedy, Drama",8,Amit Ravindernath Sharma,
Togo,2019,U,113 min,"Adventure, Biography, Drama",8,Ericson Core,
Airlift,2016,UA,130 min,"Drama, History",8,Raja Menon,
Bajrangi Bhaijaan,2015,UA,163 min,"Action, Adventure, Comedy",8,Kabir Khan,
Baby,2015,UA,159 min,"Action, Crime, Thriller",8,Neeraj Pandey,
La La Land,2016,A,128 min,"Comedy, Drama, Music",8,Damien Chazelle,
Lion,2016,U,118 min,"Biography, Drama",8,Garth Davis,
The Martian,2015,UA,144 min,"Adventure, Drama, Sci-Fi",8,Ridley Scott,
Zootopia,2016,U,108 min,"Animation, Adventure, Comedy",8,Byron Howard,
Bãhubali: The Beginning,2015,UA,159 min,"Action, Drama",8,S.S. Rajamouli,
Kaguyahime no monogatari,2013,U,137 min,"Animation, Adventure, Drama",8,Isao Takahata,
Wonder,2017,U,113 min,"Drama, Family",8,Stephen Chbosky,
Gully Boy,2019,UA,154 min,"Drama, Music, Romance",8,Zoya Akhtar,
Special Chabbis,2013,UA,144 min,"Crime, Drama, Thriller",8,Neeraj Pandey,
Short Term 12,2013,R,96 min,Drama,8,Destin Daniel Cretton,
Serbuan maut 2: Berandal,2014,A,150 min,"Action, Crime, Thriller",8,Gareth Evans,
The Imitation Game,2014,UA,114 min,"Biography, Drama, Thriller",8,Morten Tyldum,
Guardians of the Galaxy,2014,UA,121 min,"Action, Adventure, Comedy",8,James Gunn,
Blade Runner 2049,2017,UA,164 min,"Action, Drama, Mystery",8,Denis Villeneuve,
Her,2013,A,126 min,"Drama, Romance, Sci-Fi",8,Spike Jonze,
Bohemian Rhapsody,2018,UA,134 min,"Biography, Drama, Music",8,Bryan Singer,
The Revenant,2015,A,156 min,"Action, Adventure, Drama",8,Alejandro G. Iñárritu,
The Perks of Being a Wallflower,2012,UA,103 min,"Drama, Romance",8,Stephen Chbosky,
Tropa de Elite 2: O Inimigo Agora é Outro,2010,,115 min,"Action, Crime, Drama",8,José Padilha,
The King's Speech,2010,U,118 min,"Biography, Drama, History",8,Tom Hooper,
The Help,2011,UA,146 min,Drama,8,Tate Taylor,
Deadpool,2016,R,108 min,"Action, Adventure, Comedy",8,Tim Miller,
Darbareye Elly,2009,TV-PG,119 min,"Drama, Mystery",8,Asghar Farhadi,
Dev.D,2009,A,144 min,"Drama, Romance",8,Anurag Kashyap,
Yip Man,2008,R,106 min,"Action, Biography, Drama",8,Wilson Yip,
My Name Is Khan,2010,UA,165 min,Drama,8,Karan Johar,
Nefes: Vatan Sagolsun,2009,,128 min,"Action, Drama, Thriller",8,Levent Semerci,
Slumdog Millionaire,2008,UA,120 min,"Drama, Romance",8,Danny Boyle,
Black Swan,2010,A,108 min,"Drama, Thriller",8,Darren Aronofsky,
Tropa de Elite,2007,R,115 min,"Action, Crime, Drama",8,José Padilha,
The Avengers,2012,UA,143 min,"Action, Adventure, Sci-Fi",8,Joss Whedon,
Persepolis,2007,PG-13,96 min,"Animation, Biography, Drama",8,Vincent Paronnaud,
Dallas Buyers Club,2013,R,117 min,"Biography, Drama",8,Jean-Marc Vallée,
The Pursuit of Happyness,2006,U,117 min,"Biography, Drama",8,Gabriele Muccino,
Blood Diamond,2006,A,143 min,"Adventure, Drama, Thriller",8,Edward Zwick,
The Bourne Ultimatum,2007,UA,115 min,"Action, Mystery, Thriller",8,Paul Greengrass,
Bin-jip,2004,U,88 min,"Crime, Drama, Romance",8,Ki-duk Kim,
Sin City,2005,A,124 min,"Crime, Thriller",8,Frank Miller,
Le scaphandre et le papillon,2007,PG-13,112 min,"Biography, Drama",8,92,"5,990,075"
G.O.R.A.,2004,,127 min,"Adventure, Comedy, Sci-Fi",8,Ömer Faruk Sorak,
Ratatouille,2007,U,111 min,"Animation, Adventure, Comedy",8,Brad Bird,
Casino Royale,2006,PG-13,144 min,"Action, Adventure, Thriller",8,Martin Campbell,
Kill Bill: Vol. 2,2004,A,137 min,"Action, Crime, Thriller",8,Quentin Tarantino,
Vozvrashchenie,2003,,110 min,Drama,8,Andrey Zvyagintsev,
Bom Yeoareum Gaeul Gyeoul Geurigo Bom,2003,R,103 min,"Drama, Romance",8,Ki-duk Kim,
Mar adentro,2014,U,126 min,"Biography, Drama",8,Alejandro Amenábar,
Cinderella Man,2005,UA,144 min,"Biography, Drama, History",8,Ron Howard,
Kal Ho Naa Ho,2003,U,186 min,"Comedy, Drama, Musical",8,Nikkhil Advani,
Mou gaan dou,2002,UA,101 min,"Action, Crime, Drama",8,Andrew Lau,
Pirates of the Caribbean: The Curse of the Black Pearl,2003,UA,143 min,"Action, Adventure, Fantasy",8,Gore Verbinski,
Big Fish,2003,U,125 min,"Adventure, Drama, Fantasy",8,Tim Burton,
The Incredibles,2004,U,115 min,"Animation, Action, Adventure",8,Brad Bird,
Yeopgijeogin geunyeo,2001,,137 min,"Comedy, Drama, Romance",8,Jae-young Kwak,
Dogville,2003,R,178 min,"Crime, Drama",8,Lars von Trier,
Vizontele,2001,,110 min,"Comedy, Drama",8,Yilmaz Erdogan,
Donnie Darko,2001,R,113 min,"Drama, Mystery, Sci-Fi",8,Richard Kelly,
Magnolia,1999,R,188 min,Drama,8,Paul Thomas Anderson,
Dancer in the Dark,2000,U,140 min,"Crime, Drama, Musical",8,Lars von Trier,
The Straight Story,1999,U,112 min,"Biography, Drama",8,David Lynch,
Pâfekuto burû,1997,A,81 min,"Animation, Crime, Mystery",8,Satoshi Kon,
Festen,1998,R,105 min,Drama,8,Thomas Vinterberg,
Central do Brasil,1998,R,110 min,Drama,8,Walter Salles,
The Iron Giant,1999,PG,86 min,"Animation, Action, Adventure",8,Brad Bird,
Knockin' on Heaven's Door,1997,,87 min,"Action, Crime, Comedy",8,Thomas Jahn,
Sling Blade,1996,R,135 min,Drama,8,Billy Bob Thornton,
Secrets & Lies,1996,U,136 min,"Comedy, Drama",8,Mike Leigh,
Twelve Monkeys,1995,A,129 min,"Mystery, Sci-Fi, Thriller",8,Terry Gilliam,
Kôkaku Kidôtai,1995,UA,83 min,"Animation, Action, Crime",8,Mamoru Oshii,
The Nightmare Before Christmas,1993,U,76 min,"Animation, Family, Fantasy",8,Henry Selick,
Groundhog Day,1993,U,101 min,"Comedy, Fantasy, Romance",8,Harold Ramis,
Bound by Honor,1993,R,180 min,"Crime, Drama",8,Taylor Hackford,
Scent of a Woman,1992,UA,156 min,Drama,8,Martin Brest,
Aladdin,1992,U,90 min,"Animation, Adventure, Comedy",8,Ron Clements,
JFK,1991,UA,189 min,"Drama, History, Thriller",8,Oliver Stone,
Beauty and the Beast,1991,G,84 min,"Animation, Family, Fantasy",8,Gary Trousdale,
Dances with Wolves,1990,U,181 min,"Adventure, Drama, Western",8,Kevin Costner,
Do the Right Thing,1989,R,120 min,"Comedy, Drama",8,Spike Lee,
Rain Man,1988,U,133 min,Drama,8,65,"178,800,000"
Akira,1988,UA,124 min,"Animation, Action, Sci-Fi",8,Katsuhiro Ôtomo,
The Princess Bride,1987,U,98 min,"Adventure, Family, Fantasy",8,Rob Reiner,
Der Himmel über Berlin,1987,U,128 min,"Drama, Fantasy, Romance",8,Wim Wenders,
Au revoir les enfants,1987,U,104 min,"Drama, War",8,Louis Malle,
Tenkû no shiro Rapyuta,1986,U,125 min,"Animation, Adventure, Drama",8,Hayao Miyazaki,
The Terminator,1984,UA,107 min,"Action, Sci-Fi",8,James Cameron,
Gandhi,1982,U,191 min,"Biography, Drama, History",8,Richard Attenborough,
Kagemusha,1980,U,180 min,"Drama, History, War",8,Akira Kurosawa,
Being There,1979,PG,130 min,"Comedy, Drama",8,Hal Ashby,
Annie Hall,1977,A,93 min,"Comedy, Romance",8,Woody Allen,
Jaws,1975,A,124 min,"Adventure, Thriller",8,Steven Spielberg,
Dog Day Afternoon,1975,U,125 min,"Biography, Crime, Drama",8,Sidney Lumet,
Young Frankenstein,1974,A,106 min,Comedy,8,Mel Brooks,
Papillon,1973,R,151 min,"Biography, Crime, Drama",8,Franklin J. Schaffner,
The Exorcist,1973,A,122 min,Horror,8,William Friedkin,
Sleuth,1972,PG,138 min,"Mystery, Thriller",8,Joseph L. Mankiewicz,
The Last Picture Show,1971,R,118 min,"Drama, Romance",8,Peter Bogdanovich,
Fiddler on the Roof,1971,G,181 min,"Drama, Family, Musical",8,Norman Jewison,
Il conformista,1970,UA,113 min,Drama,8,Bernardo Bertolucci,
Butch Cassidy and the Sundance Kid,1969,PG,110 min,"Biography, Crime, Drama",8,George Roy Hill,
Rosemary's Baby,1968,A,137 min,"Drama, Horror",8,Roman Polanski,
Planet of the Apes,1968,U,112 min,"Adventure, Sci-Fi",8,Franklin J. Schaffner,
The Graduate,1967,A,106 min,"Comedy, Drama, Romance",8,Mike Nichols,
Who's Afraid of Virginia Woolf?,1966,A,131 min,Drama,8,Mike Nichols,
The Sound of Music,1965,U,172 min,"Biography, Drama, Family",8,Robert Wise,
Doctor Zhivago,1965,A,197 min,"Drama, Romance, War",8,David Lean,
Per un pugno di dollari,1964,A,99 min,"Action, Drama, Western",8,Sergio Leone,
8½,1963,,138 min,Drama,8,Federico Fellini,
Vivre sa vie: Film en douze tableaux,1962,,80 min,Drama,8,Jean-Luc Godard,
The Hustler,1961,A,134 min,"Drama, Sport",8,Robert Rossen,
La dolce vita,1960,A,174 min,"Comedy, Drama",8,Federico Fellini,
Rio Bravo,1959,Passed,141 min,"Action, Drama, Western",8,Howard Hawks,
Anatomy of a Murder,1959,,161 min,"Crime, Drama, Mystery",8,Otto Preminger,
Touch of Evil,1958,PG-13,95 min,"Crime, Drama, Film-Noir",8,Orson Welles,
Cat on a Hot Tin Roof,1958,A,108 min,Drama,8,Richard Brooks,
Sweet Smell of Success,1957,Approved,96 min,"Drama, Film-Noir",8,Alexander Mackendrick,
The Killing,1956,Approved,84 min,"Crime, Drama, Film-Noir",8,Stanley Kubrick,
The Night of the Hunter,1955,,92 min,"Crime, Drama, Film-Noir",8,Charles Laughton,
La Strada,1954,,108 min,Drama,8,Federico Fellini,
Les diaboliques,1955,,117 min,"Crime, Drama, Horror",8,Henri-Georges Clouzot,
Stalag 17,1953,,120 min,"Comedy, Drama, War",8,Billy Wilder,
Roman Holiday,1953,,118 min,"Comedy, Romance",8,William Wyler,
A Streetcar Named Desire,1951,A,122 min,Drama,8,Elia Kazan,
In a Lonely Place,1950,,94 min,"Drama, Film-Noir, Mystery",8,Nicholas Ray,
Kind Hearts and Coronets,1949,U,106 min,"Comedy, Crime",8,Robert Hamer,
Rope,1948,A,80 min,"Crime, Drama, Mystery",8,Alfred Hitchcock,
Out of the Past,1947,,97 min,"Crime, Drama, Film-Noir",8,Jacques Tourneur,
Brief Encounter,1945,U,86 min,"Drama, Romance",8,David Lean,
Laura,1944,Passed,88 min,"Drama, Film-Noir, Mystery",8,Otto Preminger,
The Best Years of Our Lives,1946,Approved,170 min,"Drama, Romance, War",8,William Wyler,
Arsenic and Old Lace,1942,,118 min,"Comedy, Crime, Thriller",8,Frank Capra,
The Maltese Falcon,1941,,100 min,"Film-Noir, Mystery",8,John Huston,
The Grapes of Wrath,1940,Passed,129 min,"Drama, History",8,John Ford,
The Wizard of Oz,1939,U,102 min,"Adventure, Family, Fantasy",8,Victor Fleming,
La règle du jeu,1939,,110 min,"Comedy, Drama",8,Jean Renoir,
The Thin Man,1934,TV-PG,91 min,"Comedy, Crime, Mystery",8,W.S. Van Dyke,
All Quiet on the Western Front,1930,U,152 min,"Drama, War",8,Lewis Milestone,
Bronenosets Potemkin,1925,,75 min,"Drama, History, Thriller",8,Sergei M. Eisenstein,
Knives Out,2019,UA,130 min,"Comedy, Crime, Drama",7.9,Rian Johnson,
Dil Bechara,2020,UA,101 min,"Comedy, Drama, Romance",7.9,Mukesh Chhabra,
Manbiki kazoku,2018,A,121 min,"Crime, Drama",7.9,Hirokazu Koreeda,
Marriage Story,2019,U,137 min,"Comedy, Drama, Romance",7.9,Noah Baumbach,
Call Me by Your Name,2017,UA,132 min,"Drama, Romance",7.9,Luca Guadagnino,
"I, Daniel Blake",2016,UA,100 min,Drama,7.9,Ken Loach,
Isle of Dogs,2018,U,101 min,"Animation, Adventure, Comedy",7.9,Wes Anderson,
Hunt for the Wilderpeople,2016,UA,101 min,"Adventure, Comedy, Drama",7.9,Taika Waititi,
Captain Fantastic,2016,R,118 min,"Comedy, Drama",7.9,Matt Ross,
Sing Street,2016,PG-13,106 min,"Comedy, Drama, Music",7.9,John Carney,
Thor: Ragnarok,2017,UA,130 min,"Action, Adventure, Comedy",7.9,Taika Waititi,
Nightcrawler,2014,A,117 min,"Crime, Drama, Thriller",7.9,Dan Gilroy,
Jojo Rabbit,2019,UA,108 min,"Comedy, Drama, War",7.9,Taika Waititi,
Arrival,2016,UA,116 min,"Drama, Sci-Fi",7.9,Denis Villeneuve,
Star Wars: Episode VII - The Force Awakens,2015,U,138 min,"Action, Adventure, Sci-Fi",7.9,J.J. Abrams,
Before Midnight,2013,R,109 min,"Drama, Romance",7.9,Richard Linklater,
X-Men: Days of Future Past,2014,UA,132 min,"Action, Adventure, Sci-Fi",7.9,Bryan Singer,
Bir Zamanlar Anadolu'da,2011,,157 min,"Crime, Drama",7.9,Nuri Bilge Ceylan,
The Artist,2011,U,100 min,"Comedy, Drama, Romance",7.9,Michel Hazanavicius,
Edge of Tomorrow,2014,UA,113 min,"Action, Adventure, Sci-Fi",7.9,Doug Liman,
Amour,2012,UA,127 min,"Drama, Romance",7.9,Michael Haneke,
The Irishman,2019,R,209 min,"Biography, Crime, Drama",7.9,Martin Scorsese,
Un prophète,2009,A,155 min,"Crime, Drama",7.9,Jacques Audiard,
Moon,2009,R,97 min,"Drama, Mystery, Sci-Fi",7.9,Duncan Jones,
Låt den rätte komma in,2008,R,114 min,"Crime, Drama, Fantasy",7.9,Tomas Alfredson,
District 9,2009,A,112 min,"Action, Sci-Fi, Thriller",7.9,Neill Blomkamp,
The Wrestler,2008,UA,109 min,"Drama, Sport",7.9,Darren Aronofsky,
Jab We Met,2007,U,138 min,"Comedy, Drama, Romance",7.9,Imtiaz Ali,
Boyhood,2014,A,165 min,Drama,7.9,Richard Linklater,
"4 luni, 3 saptamâni si 2 zile",2007,,113 min,Drama,7.9,Cristian Mungiu,
Star Trek,2009,UA,127 min,"Action, Adventure, Sci-Fi",7.9,J.J. Abrams,
In Bruges,2008,R,107 min,"Comedy, Crime, Drama",7.9,Martin McDonagh,
The Man from Earth,2007,,87 min,"Drama, Fantasy, Mystery",7.9,Richard Schenkman,
Letters from Iwo Jima,2006,UA,141 min,"Action, Adventure, Drama",7.9,Clint Eastwood,
The Fall,2006,R,117 min,"Adventure, Drama, Fantasy",7.9,Tarsem Singh,
Life of Pi,2012,U,127 min,"Adventure, Drama, Fantasy",7.9,Ang Lee,
Fantastic Mr. Fox,2009,PG,87 min,"Animation, Adventure, Comedy",7.9,Wes Anderson,
C.R.A.Z.Y.,2005,,129 min,"Comedy, Drama",7.9,Jean-Marc Vallée,
Les choristes,2004,PG-13,97 min,"Drama, Music",7.9,Christophe Barratier,
Iron Man,2008,UA,126 min,"Action, Adventure, Sci-Fi",7.9,Jon Favreau,
Shaun of the Dead,2004,UA,99 min,"Comedy, Horror",7.9,Edgar Wright,
Gegen die Wand,2004,R,121 min,"Drama, Romance",7.9,Fatih Akin,
Mystic River,2003,A,138 min,"Crime, Drama, Mystery",7.9,Clint Eastwood,
Harry Potter and the Prisoner of Azkaban,2004,U,142 min,"Adventure, Family, Fantasy",7.9,Alfonso Cuarón,
Ying xiong,2002,PG-13,120 min,"Action, Adventure, History",7.9,Yimou Zhang,
Hable con ella,2002,R,112 min,"Drama, Mystery, Romance",7.9,Pedro Almodóvar,
No Man's Land,2001,R,98 min,"Comedy, Drama, War",7.9,Danis Tanovic,
Cowboy Bebop: Tengoku no tobira,2001,U,115 min,"Animation, Action, Crime",7.9,Shin'ichirô Watanabe,
The Bourne Identity,2002,UA,119 min,"Action, Mystery, Thriller",7.9,Doug Liman,
Nueve reinas,2000,R,114 min,"Crime, Drama, Thriller",7.9,Fabián Bielinsky,
Children of Men,2006,A,109 min,"Adventure, Drama, Sci-Fi",7.9,Alfonso Cuarón,
Almost Famous,2000,A,122 min,"Adventure, Comedy, Drama",7.9,Cameron Crowe,
Mulholland Dr.,2001,R,147 min,"Drama, Mystery, Thriller",7.9,David Lynch,
Toy Story 2,1999,U,92 min,"Animation, Adventure, Comedy",7.9,John Lasseter,
Boogie Nights,1997,R,155 min,Drama,7.9,Paul Thomas Anderson,
Mimi wo sumaseba,1995,U,111 min,"Animation, Drama, Family",7.9,Yoshifumi Kondô,
Once Were Warriors,1994,A,102 min,"Crime, Drama",7.9,Lee Tamahori,
True Romance,1993,R,119 min,"Crime, Drama, Romance",7.9,Tony Scott,
Trois couleurs: Bleu,1993,U,94 min,"Drama, Music, Mystery",7.9,Krzysztof Kieslowski,
Jûbê ninpûchô,1993,A,94 min,"Animation, Action, Adventure",7.9,Yoshiaki Kawajiri,
Carlito's Way,1993,A,144 min,"Crime, Drama, Thriller",7.9,Brian De Palma,
Edward Scissorhands,1990,U,105 min,"Drama, Fantasy, Romance",7.9,Tim Burton,
My Left Foot: The Story of Christy Brown,1989,U,103 min,"Biography, Drama",7.9,Jim Sheridan,
Crimes and Misdemeanors,1989,PG-13,104 min,"Comedy, Drama",7.9,Woody Allen,
The Untouchables,1987,A,119 min,"Crime, Drama, Thriller",7.9,Brian De Palma,
Hannah and Her Sisters,1986,PG-13,107 min,"Comedy, Drama",7.9,Woody Allen,
Brazil,1985,U,132 min,"Drama, Sci-Fi",7.9,Terry Gilliam,
This Is Spinal Tap,1984,R,82 min,"Comedy, Music",7.9,Rob Reiner,
A Christmas Story,1983,U,93 min,"Comedy, Family",7.9,Bob Clark,
The Blues Brothers,1980,U,133 min,"Action, Adventure, Comedy",7.9,John Landis,
Manhattan,1979,R,96 min,"Comedy, Drama, Romance",7.9,Woody Allen,
All That Jazz,1979,A,123 min,"Drama, Music, Musical",7.9,Bob Fosse,
Dawn of the Dead,1978,A,127 min,"Action, Adventure, Horror",7.9,George A. Romero,
All the President's Men,1976,U,138 min,"Biography, Drama, History",7.9,Alan J. Pakula,
La montaña sagrada,1973,R,114 min,"Adventure, Drama, Fantasy",7.9,Alejandro Jodorowsky,
Amarcord,1973,R,123 min,"Comedy, Drama, Family",7.9,Federico Fellini,
Le charme discret de la bourgeoisie,1972,PG,102 min,Comedy,7.9,Luis Buñuel,
"Aguirre, der Zorn Gottes",1972,,95 min,"Action, Adventure, Biography",7.9,Werner Herzog,
Harold and Maude,1971,PG,91 min,"Comedy, Drama, Romance",7.9,Hal Ashby,
Patton,1970,U,172 min,"Biography, Drama, War",7.9,Franklin J. Schaffner,
The Wild Bunch,1969,A,145 min,"Action, Adventure, Western",7.9,Sam Peckinpah,
Night of the Living Dead,1968,,96 min,"Horror, Thriller",7.9,George A. Romero,
The Lion in Winter,1968,PG,134 min,"Biography, Drama, History",7.9,Anthony Harvey,
In the Heat of the Night,1967,U,110 min,"Crime, Drama, Mystery",7.9,Norman Jewison,
Charade,1963,U,113 min,"Comedy, Mystery, Romance",7.9,Stanley Donen,
The Manchurian Candidate,1962,PG-13,126 min,"Drama, Thriller",7.9,John Frankenheimer,
Spartacus,1960,A,197 min,"Adventure, Biography, Drama",7.9,Stanley Kubrick,
L'avventura,1960,U,144 min,"Drama, Mystery",7.9,Michelangelo Antonioni,
Hiroshima mon amour,1959,,90 min,"Drama, Romance",7.9,Alain Resnais,
The Ten Commandments,1956,U,220 min,"Adventure, Drama",7.9,Cecil B. DeMille,
The Searchers,1956,Passed,119 min,"Adventure, Drama, Western",7.9,John Ford,
East of Eden,1955,U,118 min,Drama,7.9,Elia Kazan,
High Noon,1952,PG,85 min,"Drama, Thriller, Western",7.9,Fred Zinnemann,
Strangers on a Train,1951,A,101 min,"Crime, Film-Noir, Thriller",7.9,Alfred Hitchcock,
Harvey,1950,Approved,104 min,"Comedy, Drama, Fantasy",7.9,Henry Koster,
Miracle on 34th Street,1947,,96 min,"Comedy, Drama, Family",7.9,George Seaton,
Notorious,1946,U,102 min,"Drama, Film-Noir, Romance",7.9,Alfred Hitchcock,
The Big Sleep,1946,Passed,114 min,"Crime, Film-Noir, Mystery",7.9,Howard Hawks,
The Lost Weekend,1945,Passed,101 min,"Drama, Film-Noir",7.9,Billy Wilder,
The Philadelphia Story,1940,,112 min,"Comedy, Romance",7.9,George Cukor,
His Girl Friday,1940,Passed,92 min,"Comedy, Drama, Romance",7.9,Howard Hawks,
The Adventures of Robin Hood,1938,PG,102 min,"Action, Adventure, Romance",7.9,Michael Curtiz,
A Night at the Opera,1935,Passed,96 min,"Comedy, Music, Musical",7.9,Sam Wood,
King Kong,1933,Passed,100 min,"Adventure, Horror, Sci-Fi",7.9,Merian C. Cooper,
Freaks,1932,,64 min,"Drama, Horror",7.9,Tod Browning,
Nosferatu,1922,,94 min,"Fantasy, Horror",7.9,F.W. Murnau,
The Gentlemen,2019,A,113 min,"Action, Comedy, Crime",7.8,Guy Ritchie,
Raazi,2018,UA,138 min,"Action, Drama, Thriller",7.8,Meghna Gulzar,
Sound of Metal,2019,R,120 min,"Drama, Music",7.8,Darius Marder,
Forushande,2016,UA,124 min,Drama,7.8,Asghar Farhadi,
Dunkirk,2017,UA,106 min,"Action, Drama, History",7.8,Christopher Nolan,
Perfetti sconosciuti,2016,,96 min,"Comedy, Drama",7.8,Paolo Genovese,
Hidden Figures,2016,UA,127 min,"Biography, Drama, History",7.8,Theodore Melfi,
Paddington 2,2017,U,103 min,"Adventure, Comedy, Family",7.8,Paul King,
Udta Punjab,2016,A,148 min,"Action, Crime, Drama",7.8,Abhishek Chaubey,
Kubo and the Two Strings,2016,PG,101 min,"Animation, Action, Adventure",7.8,Travis Knight,
M.S. Dhoni: The Untold Story,2016,U,184 min,"Biography, Drama, Sport",7.8,Neeraj Pandey,
Manchester by the Sea,2016,UA,137 min,Drama,7.8,Kenneth Lonergan,
Under sandet,2015,R,100 min,"Drama, History, War",7.8,Martin Zandvliet,
Rogue One,2016,UA,133 min,"Action, Adventure, Sci-Fi",7.8,Gareth Edwards,
Captain America: Civil War,2016,UA,147 min,"Action, Adventure, Sci-Fi",7.8,Anthony Russo,
The Hateful Eight,2015,A,168 min,"Crime, Drama, Mystery",7.8,Quentin Tarantino,
Little Women,2019,U,135 min,"Drama, Romance",7.8,Greta Gerwig,
Loving Vincent,2017,UA,94 min,"Animation, Biography, Crime",7.8,Dorota Kobiela,
Pride,2014,R,119 min,"Biography, Comedy, Drama",7.8,Matthew Warchus,
Le passé,2013,PG-13,130 min,"Drama, Mystery",7.8,Asghar Farhadi,
La grande bellezza,2013,,141 min,Drama,7.8,Paolo Sorrentino,
The Lunchbox,2013,U,104 min,"Drama, Romance",7.8,Ritesh Batra,
Vicky Donor,2012,UA,126 min,"Comedy, Romance",7.8,Shoojit Sircar,
Big Hero 6,2014,U,102 min,"Animation, Action, Adventure",7.8,Don Hall,
About Time,2013,R,123 min,"Comedy, Drama, Fantasy",7.8,Richard Curtis,
English Vinglish,2012,U,134 min,"Comedy, Drama, Family",7.8,Gauri Shinde,
Kaze tachinu,2013,PG-13,126 min,"Animation, Biography, Drama",7.8,Hayao Miyazaki,
Toy Story 4,2019,U,100 min,"Animation, Adventure, Comedy",7.8,Josh Cooley,
La migliore offerta,2013,R,131 min,"Crime, Drama, Mystery",7.8,Giuseppe Tornatore,
Moonrise Kingdom,2012,A,94 min,"Comedy, Drama, Romance",7.8,Wes Anderson,
How to Train Your Dragon 2,2014,U,102 min,"Animation, Action, Adventure",7.8,Dean DeBlois,
The Big Short,2015,A,130 min,"Biography, Comedy, Drama",7.8,Adam McKay,
Kokuhaku,2010,,106 min,"Drama, Thriller",7.8,Tetsuya Nakashima,
Ang-ma-reul bo-at-da,2010,,144 min,"Action, Crime, Drama",7.8,Jee-woon Kim,
The Girl with the Dragon Tattoo,2011,R,158 min,"Crime, Drama, Mystery",7.8,David Fincher,
Captain Phillips,2013,UA,134 min,"Adventure, Biography, Crime",7.8,Paul Greengrass,
Ajeossi,2010,R,119 min,"Action, Crime, Drama",7.8,Jeong-beom Lee,
Straight Outta Compton,2015,R,147 min,"Biography, Drama, History",7.8,F. Gary Gray,
Madeo,2009,R,129 min,"Crime, Drama, Mystery",7.8,Bong Joon Ho,
Chugyeokja,2008,,125 min,"Action, Crime, Thriller",7.8,Hong-jin Na,
The Hobbit: The Desolation of Smaug,2013,UA,161 min,"Adventure, Fantasy",7.8,Peter Jackson,
Das weiße Band - Eine deutsche Kindergeschichte,2009,UA,144 min,"Drama, History, Mystery",7.8,Michael Haneke,
Män som hatar kvinnor,2009,R,152 min,"Crime, Drama, Mystery",7.8,Niels Arden Oplev,
The Trial of the Chicago 7,2020,R,129 min,"Drama, History, Thriller",7.8,Aaron Sorkin,
Druk,2020,,117 min,"Comedy, Drama",7.8,Thomas Vinterberg,
The Fighter,2010,UA,116 min,"Biography, Drama, Sport",7.8,David O. Russell,
Taken,2008,A,90 min,"Action, Thriller",7.8,Pierre Morel,
The Boy in the Striped Pyjamas,2008,PG-13,94 min,"Drama, History, War",7.8,Mark Herman,
Once,2007,R,86 min,"Drama, Music, Romance",7.8,John Carney,
The Hobbit: An Unexpected Journey,2012,UA,169 min,"Adventure, Fantasy",7.8,Peter Jackson,
Auf der anderen Seite,2007,,122 min,Drama,7.8,Fatih Akin,
Atonement,2007,R,123 min,"Drama, Mystery, Romance",7.8,Joe Wright,
Drive,2011,A,100 min,"Crime, Drama",7.8,Nicolas Winding Refn,
American Gangster,2007,A,157 min,"Biography, Crime, Drama",7.8,Ridley Scott,
Avatar,2009,UA,162 min,"Action, Adventure, Fantasy",7.8,James Cameron,
Mr. Nobody,2009,R,141 min,"Drama, Fantasy, Romance",7.8,Jaco Van Dormael,
Apocalypto,2006,A,139 min,"Action, Adventure, Drama",7.8,Mel Gibson,
Little Miss Sunshine,2006,UA,101 min,"Comedy, Drama",7.8,Jonathan Dayton,
Hot Fuzz,2007,UA,121 min,"Action, Comedy, Mystery",7.8,Edgar Wright,
The Curious Case of Benjamin Button,2008,UA,166 min,"Drama, Fantasy, Romance",7.8,David Fincher,
Veer-Zaara,2004,U,192 min,"Drama, Family, Musical",7.8,Yash Chopra,
Adams æbler,2005,R,94 min,"Comedy, Crime, Drama",7.8,Anders Thomas Jensen,
Pride & Prejudice,2005,PG,129 min,"Drama, Romance",7.8,Joe Wright,
The World's Fastest Indian,2005,U,127 min,"Biography, Drama, Sport",7.8,Roger Donaldson,
Tôkyô goddofâzâzu,2003,UA,90 min,"Animation, Adventure, Comedy",7.8,Satoshi Kon,
Serenity,2005,PG-13,119 min,"Action, Adventure, Sci-Fi",7.8,Joss Whedon,
Walk the Line,2005,PG-13,136 min,"Biography, Drama, Music",7.8,James Mangold,
Ondskan,2003,,113 min,Drama,7.8,Mikael Håfström,
The Notebook,2004,A,123 min,"Drama, Romance",7.8,Nick Cassavetes,
Diarios de motocicleta,2004,U,126 min,"Adventure, Biography, Drama",7.8,Walter Salles,
Lilja 4-ever,2002,R,109 min,"Crime, Drama",7.8,Lukas Moodysson,
Les triplettes de Belleville,2003,PG-13,80 min,"Animation, Comedy, Drama",7.8,Sylvain Chomet,
Gongdong gyeongbi guyeok JSA,2000,,110 min,"Action, Drama, Thriller",7.8,Chan-wook Park,
The Count of Monte Cristo,2002,PG-13,131 min,"Action, Adventure, Drama",7.8,Kevin Reynolds,
Waking Life,2001,R,99 min,"Animation, Drama, Fantasy",7.8,Richard Linklater,
Remember the Titans,2000,U,113 min,"Biography, Drama, Sport",7.8,Boaz Yakin,
Wo hu cang long,2000,UA,120 min,"Action, Adventure, Fantasy",7.8,Ang Lee,
Todo sobre mi madre,1999,R,101 min,Drama,7.8,Pedro Almodóvar,
Cast Away,2000,UA,143 min,"Adventure, Drama, Romance",7.8,Robert Zemeckis,
The Boondock Saints,1999,R,108 min,"Action, Crime, Thriller",7.8,Troy Duffy,
The Insider,1999,UA,157 min,"Biography, Drama, Thriller",7.8,Michael Mann,
October Sky,1999,PG,108 min,"Biography, Drama, Family",7.8,Joe Johnston,
Shrek,2001,U,90 min,"Animation, Adventure, Comedy",7.8,Andrew Adamson,
Titanic,1997,UA,194 min,"Drama, Romance",7.8,James Cameron,
Hana-bi,1997,,103 min,"Crime, Drama, Romance",7.8,Takeshi Kitano,
Gattaca,1997,UA,106 min,"Drama, Sci-Fi, Thriller",7.8,Andrew Niccol,
The Game,1997,UA,129 min,"Action, Drama, Mystery",7.8,David Fincher,
Breaking the Waves,1996,R,159 min,Drama,7.8,Lars von Trier,
Ed Wood,1994,U,127 min,"Biography, Comedy, Drama",7.8,Tim Burton,
What's Eating Gilbert Grape,1993,U,118 min,Drama,7.8,Lasse Hallström,
Tombstone,1993,R,130 min,"Action, Biography, Drama",7.8,George P. Cosmatos,
The Sandlot,1993,U,101 min,"Comedy, Drama, Family",7.8,David Mickey Evans,
The Remains of the Day,1993,U,134 min,"Drama, Romance",7.8,James Ivory,
Naked,1993,,132 min,"Comedy, Drama",7.8,Mike Leigh,
The Fugitive,1993,U,130 min,"Action, Crime, Drama",7.8,Andrew Davis,
A Bronx Tale,1993,R,121 min,"Crime, Drama, Romance",7.8,Robert De Niro,
Batman: Mask of the Phantasm,1993,PG,76 min,"Animation, Action, Crime",7.8,Kevin Altieri,
Lat sau san taam,1992,R,128 min,"Action, Crime, Thriller",7.8,John Woo,
Night on Earth,1991,R,129 min,"Comedy, Drama",7.8,Jim Jarmusch,
La double vie de Véronique,1991,R,98 min,"Drama, Fantasy, Music",7.8,Krzysztof Kieslowski,
Boyz n the Hood,1991,A,112 min,"Crime, Drama",7.8,John Singleton,
Misery,1990,R,107 min,"Drama, Thriller",7.8,Rob Reiner,
Awakenings,1990,U,121 min,"Biography, Drama",7.8,Penny Marshall,
Majo no takkyûbin,1989,U,103 min,"Animation, Adventure, Drama",7.8,Hayao Miyazaki,
Glory,1989,R,122 min,"Biography, Drama, History",7.8,Edward Zwick,
Dip huet seung hung,1989,R,111 min,"Action, Crime, Drama",7.8,John Woo,
Back to the Future Part II,1989,U,108 min,"Adventure, Comedy, Sci-Fi",7.8,Robert Zemeckis,
Mississippi Burning,1988,A,128 min,"Crime, Drama, History",7.8,Alan Parker,
Predator,1987,A,107 min,"Action, Adventure, Sci-Fi",7.8,John McTiernan,
Evil Dead II,1987,A,84 min,"Action, Comedy, Fantasy",7.8,Sam Raimi,
Ferris Bueller's Day Off,1986,U,103 min,Comedy,7.8,John Hughes,
Down by Law,1986,R,107 min,"Comedy, Crime, Drama",7.8,Jim Jarmusch,
The Goonies,1985,U,114 min,"Adventure, Comedy, Family",7.8,Richard Donner,
The Color Purple,1985,U,154 min,Drama,7.8,Steven Spielberg,
The Breakfast Club,1985,UA,97 min,"Comedy, Drama",7.8,John Hughes,
The Killing Fields,1984,UA,141 min,"Biography, Drama, History",7.8,Roland Joffé,
Ghostbusters,1984,UA,105 min,"Action, Comedy, Fantasy",7.8,Ivan Reitman,
The Right Stuff,1983,PG,193 min,"Adventure, Biography, Drama",7.8,Philip Kaufman,
The King of Comedy,1982,U,109 min,"Comedy, Crime, Drama",7.8,Martin Scorsese,
E.T. the Extra-Terrestrial,1982,U,115 min,"Family, Sci-Fi",7.8,Steven Spielberg,
Kramer vs. Kramer,1979,A,105 min,Drama,7.8,Robert Benton,
Days of Heaven,1978,PG,94 min,"Drama, Romance",7.8,Terrence Malick,
The Outlaw Josey Wales,1976,A,135 min,Western,7.8,Clint Eastwood,
The Man Who Would Be King,1975,PG,129 min,"Adventure, History, War",7.8,John Huston,
The Conversation,1974,U,113 min,"Drama, Mystery, Thriller",7.8,Francis Ford Coppola,
La planète sauvage,1973,U,72 min,"Animation, Sci-Fi",7.8,René Laloux,
The Day of the Jackal,1973,A,143 min,"Crime, Drama, Thriller",7.8,Fred Zinnemann,
Badlands,1973,PG,94 min,"Action, Crime, Drama",7.8,Terrence Malick,
Cabaret,1972,A,124 min,"Drama, Music, Musical",7.8,Bob Fosse,
Willy Wonka & the Chocolate Factory,1971,U,100 min,"Family, Fantasy, Musical",7.8,Mel Stuart,
Midnight Cowboy,1969,A,113 min,Drama,7.8,John Schlesinger,
Wait Until Dark,1967,,108 min,Thriller,7.8,Terence Young,
Guess Who's Coming to Dinner,1967,,108 min,"Comedy, Drama",7.8,Stanley Kramer,
Bonnie and Clyde,1967,A,111 min,"Action, Biography, Crime",7.8,Arthur Penn,
My Fair Lady,1964,U,170 min,"Drama, Family, Musical",7.8,George Cukor,
Mary Poppins,1964,U,139 min,"Comedy, Family, Fantasy",7.8,Robert Stevenson,
The Longest Day,1962,G,178 min,"Action, Drama, History",7.8,Ken Annakin,
Jules et Jim,1962,,105 min,"Drama, Romance",7.8,François Truffaut,
The Innocents,1961,A,100 min,Horror,7.8,Jack Clayton,
À bout de souffle,1960,U,90 min,"Crime, Drama",7.8,Jean-Luc Godard,
Red River,1948,Passed,133 min,"Action, Adventure, Drama",7.8,Howard Hawks,
Key Largo,1948,,100 min,"Action, Crime, Drama",7.8,John Huston,
To Have and Have Not,1944,PG,100 min,"Adventure, Comedy, Film-Noir",7.8,Howard Hawks,
Shadow of a Doubt,1943,PG,108 min,"Film-Noir, Thriller",7.8,Alfred Hitchcock,
Stagecoach,1939,Passed,96 min,"Adventure, Drama, Western",7.8,John Ford,
The Lady Vanishes,1938,,96 min,"Mystery, Thriller",7.8,Alfred Hitchcock,
Bringing Up Baby,1938,Passed,102 min,"Comedy, Family, Romance",7.8,Howard Hawks,
Bride of Frankenstein,1935,,75 min,"Drama, Horror, Sci-Fi",7.8,James Whale,
Duck Soup,1933,,69 min,"Comedy, Musical, War",7.8,Leo McCarey,
Scarface: The Shame of the Nation,1932,PG,93 min,"Action, Crime, Drama",7.8,Howard Hawks,
Frankenstein,1931,Passed,70 min,"Drama, Horror, Sci-Fi",7.8,James Whale,
Roma,2018,R,135 min,Drama,7.7,Alfonso Cuarón,
God's Own Country,2017,,104 min,"Drama, Romance",7.7,Francis Lee,
Deadpool 2,2018,R,119 min,"Action, Adventure, Comedy",7.7,David Leitch,
Wind River,2017,R,107 min,"Crime, Drama, Mystery",7.7,Taylor Sheridan,
Get Out,2017,R,104 min,"Horror, Mystery, Thriller",7.7,Jordan Peele,
Mission: Impossible - Fallout,2018,UA,147 min,"Action, Adventure, Thriller",7.7,Christopher McQuarrie,
En man som heter Ove,2015,PG-13,116 min,"Comedy, Drama, Romance",7.7,Hannes Holm,
What We Do in the Shadows,2014,R,86 min,"Comedy, Horror",7.7,Jemaine Clement,
Omoide no Mânî,2014,U,103 min,"Animation, Drama, Family",7.7,James Simone,
The Theory of Everything,2014,U,123 min,"Biography, Drama, Romance",7.7,James Marsh,
Kingsman: The Secret Service,2014,A,129 min,"Action, Adventure, Comedy",7.7,Matthew Vaughn,
The Fault in Our Stars,2014,UA,126 min,"Drama, Romance",7.7,Josh Boone,
Me and Earl and the Dying Girl,2015,PG-13,105 min,"Comedy, Drama",7.7,Alfonso Gomez-Rejon,
Birdman or (The Unexpected Virtue of Ignorance),2014,A,119 min,"Comedy, Drama",7.7,Alejandro G. Iñárritu,
La vie d'Adèle,2013,A,180 min,"Drama, Romance",7.7,Abdellatif Kechiche,
Kai po che!,2013,U,130 min,"Drama, Sport",7.7,Abhishek Kapoor,
The Broken Circle Breakdown,2012,,111 min,"Drama, Music, Romance",7.7,Felix van Groeningen,
Captain America: The Winter Soldier,2014,UA,136 min,"Action, Adventure, Sci-Fi",7.7,Anthony Russo,
Rockstar,2011,UA,159 min,"Drama, Music, Musical",7.7,Imtiaz Ali,
Nebraska,2013,UA,115 min,"Adventure, Comedy, Drama",7.7,Alexander Payne,
Wreck-It Ralph,2012,U,101 min,"Animation, Adventure, Comedy",7.7,Rich Moore,
Le Petit Prince,2015,PG,108 min,"Animation, Adventure, Drama",7.7,Mark Osborne,
Detachment,2011,,98 min,Drama,7.7,Tony Kaye,
Midnight in Paris,2011,PG-13,96 min,"Comedy, Fantasy, Romance",7.7,Woody Allen,
The Lego Movie,2014,U,100 min,"Animation, Action, Adventure",7.7,Christopher Miller,
Gravity,2013,UA,91 min,"Drama, Sci-Fi, Thriller",7.7,Alfonso Cuarón,
Star Trek Into Darkness,2013,UA,132 min,"Action, Adventure, Sci-Fi",7.7,J.J. Abrams,
Beasts of No Nation,2015,,137 min,"Drama, War",7.7,Cary Joji Fukunaga,
The Social Network,2010,UA,120 min,"Biography, Drama",7.7,David Fincher,
X: First Class,2011,UA,131 min,"Action, Adventure, Sci-Fi",7.7,Matthew Vaughn,
The Hangover,2009,UA,100 min,Comedy,7.7,Todd Phillips,
Skyfall,2012,UA,143 min,"Action, Adventure, Thriller",7.7,Sam Mendes,
Silver Linings Playbook,2012,A,122 min,"Comedy, Drama, Romance",7.7,David O. Russell,
Argo,2012,A,120 min,"Biography, Drama, Thriller",7.7,Ben Affleck,
(500) Days of Summer,2009,UA,95 min,"Comedy, Drama, Romance",7.7,Marc Webb,
Harry Potter and the Deathly Hallows: Part 1,2010,A,146 min,"Adventure, Family, Fantasy",7.7,David Yates,
Gake no ue no Ponyo,2008,U,101 min,"Animation, Adventure, Comedy",7.7,Hayao Miyazaki,
Frost/Nixon,2008,R,122 min,"Biography, Drama, History",7.7,Ron Howard,
Papurika,2006,U,90 min,"Animation, Drama, Fantasy",7.7,Satoshi Kon,
Changeling,2008,R,141 min,"Biography, Crime, Drama",7.7,Clint Eastwood,
Flipped,2010,PG,90 min,"Comedy, Drama, Romance",7.7,Rob Reiner,
Toki o kakeru shôjo,2006,U,98 min,"Animation, Adventure, Comedy",7.7,Mamoru Hosoda,
Death Note: Desu nôto,2006,,126 min,"Crime, Drama, Fantasy",7.7,Shûsuke Kaneko,
This Is England,2006,,101 min,"Crime, Drama",7.7,Shane Meadows,
Ex Machina,2014,UA,108 min,"Drama, Sci-Fi, Thriller",7.7,Alex Garland,
Efter brylluppet,2006,R,120 min,Drama,7.7,Susanne Bier,
The Last King of Scotland,2006,R,123 min,"Biography, Drama, History",7.7,Kevin Macdonald,
Zodiac,2007,UA,157 min,"Crime, Drama, Mystery",7.7,David Fincher,
Lucky Number Slevin,2006,R,110 min,"Action, Crime, Drama",7.7,Paul McGuigan,
Joyeux Noël,2005,PG-13,116 min,"Drama, History, Music",7.7,Christian Carion,
Control,2007,R,122 min,"Biography, Drama, Music",7.7,Anton Corbijn,
Tangled,2010,U,100 min,"Animation, Adventure, Comedy",7.7,Nathan Greno,
Zwartboek,2006,R,145 min,"Drama, Thriller, War",7.7,Paul Verhoeven,
Brokeback Mountain,2005,A,134 min,"Drama, Romance",7.7,Ang Lee,
3:10 to Yuma,2007,A,122 min,"Action, Crime, Drama",7.7,James Mangold,
Crash,2004,UA,112 min,"Crime, Drama, Thriller",7.7,Paul Haggis,
Kung fu,2004,UA,99 min,"Action, Comedy, Fantasy",7.7,Stephen Chow,
The Bourne Supremacy,2004,A,108 min,"Action, Mystery, Thriller",7.7,Paul Greengrass,
The Machinist,2004,R,101 min,"Drama, Thriller",7.7,Brad Anderson,
Ray,2004,A,152 min,"Biography, Drama, Music",7.7,Taylor Hackford,
Lost in Translation,2003,UA,102 min,"Comedy, Drama",7.7,Sofia Coppola,
Harry Potter and the Goblet of Fire,2005,UA,157 min,"Adventure, Family, Fantasy",7.7,Mike Newell,
Man on Fire,2004,UA,146 min,"Action, Crime, Drama",7.7,Tony Scott,
Coraline,2009,U,100 min,"Animation, Drama, Family",7.7,Henry Selick,
The Last Samurai,2003,UA,154 min,"Action, Drama",7.7,Edward Zwick,
The Magdalene Sisters,2002,R,114 min,Drama,7.7,Peter Mullan,
Good Bye Lenin!,2003,R,121 min,"Comedy, Drama, Romance",7.7,Wolfgang Becker,
In America,2002,PG-13,105 min,Drama,7.7,Jim Sheridan,
I Am Sam,2001,PG-13,132 min,Drama,7.7,Jessie Nelson,
Adaptation.,2002,R,115 min,"Comedy, Drama",7.7,Spike Jonze,
Black Hawk Down,2001,A,144 min,"Drama, History, War",7.7,Ridley Scott,
Road to Perdition,2002,A,117 min,"Crime, Drama, Thriller",7.7,Sam Mendes,
Das Experiment,2001,R,120 min,"Drama, Thriller",7.7,Oliver Hirschbiegel,
Billy Elliot,2000,R,110 min,"Drama, Music",7.7,Stephen Daldry,
Hedwig and the Angry Inch,2001,R,95 min,"Comedy, Drama, Music",7.7,John Cameron Mitchell,
Ocean's Eleven,2001,UA,116 min,"Crime, Thriller",7.7,Steven Soderbergh,
Vampire Hunter D: Bloodlust,2000,U,103 min,"Animation, Action, Fantasy",7.7,Yoshiaki Kawajiri,
"O Brother, Where Art Thou?",2000,U,107 min,"Adventure, Comedy, Crime",7.7,Joel Coen,
Interstate 60: Episodes of the Road,2002,R,116 min,"Adventure, Comedy, Drama",7.7,Bob Gale,
"South Park: Bigger, Longer & Uncut",1999,A,81 min,"Animation, Comedy, Fantasy",7.7,Trey Parker,
Office Space,1999,R,89 min,Comedy,7.7,Mike Judge,
Happiness,1998,,134 min,"Comedy, Drama",7.7,Todd Solondz,
Training Day,2001,A,122 min,"Crime, Drama, Thriller",7.7,Antoine Fuqua,
Rushmore,1998,UA,93 min,"Comedy, Drama, Romance",7.7,Wes Anderson,
Abre los ojos,1997,U,119 min,"Drama, Mystery, Sci-Fi",7.7,Alejandro Amenábar,
Being John Malkovich,1999,R,113 min,"Comedy, Drama, Fantasy",7.7,Spike Jonze,
As Good as It Gets,1997,A,139 min,"Comedy, Drama, Romance",7.7,James L. Brooks,
The Fifth Element,1997,UA,126 min,"Action, Adventure, Sci-Fi",7.7,Luc Besson,
Le dîner de cons,1998,PG-13,80 min,Comedy,7.7,Francis Veber,
Donnie Brasco,1997,A,127 min,"Biography, Crime, Drama",7.7,Mike Newell,
Shine,1996,U,105 min,"Biography, Drama, Music",7.7,Scott Hicks,
Primal Fear,1996,A,129 min,"Crime, Drama, Mystery",7.7,Gregory Hoblit,
Hamlet,1996,PG-13,242 min,Drama,7.7,Kenneth Branagh,
A Little Princess,1995,U,97 min,"Drama, Family, Fantasy",7.7,Alfonso Cuarón,
Do lok tin si,1995,UA,99 min,"Comedy, Crime, Drama",7.7,Kar-Wai Wong,
Il postino,1994,U,108 min,"Biography, Comedy, Drama",7.7,Michael Radford,
Clerks,1994,R,92 min,Comedy,7.7,Kevin Smith,
Short Cuts,1993,R,188 min,"Comedy, Drama",7.7,Robert Altman,
Philadelphia,1993,UA,125 min,Drama,7.7,Jonathan Demme,
The Muppet Christmas Carol,1992,G,85 min,"Comedy, Drama, Family",7.7,Brian Henson,
Malcolm X,1992,U,202 min,"Biography, Drama, History",7.7,Spike Lee,
The Last of the Mohicans,1992,UA,112 min,"Action, Adventure, Drama",7.7,Michael Mann,
Kurenai no buta,1992,U,94 min,"Animation, Adventure, Comedy",7.7,Hayao Miyazaki,
Glengarry Glen Ross,1992,R,100 min,"Crime, Drama, Mystery",7.7,James Foley,
A Few Good Men,1992,U,138 min,"Drama, Thriller",7.7,Rob Reiner,
Fried Green Tomatoes,1991,PG-13,130 min,Drama,7.7,Jon Avnet,
Barton Fink,1991,U,116 min,"Comedy, Drama, Thriller",7.7,Joel Coen,
Miller's Crossing,1990,R,115 min,"Crime, Drama, Thriller",7.7,Joel Coen,
Who Framed Roger Rabbit,1988,U,104 min,"Animation, Adventure, Comedy",7.7,Robert Zemeckis,
Spoorloos,1988,,107 min,"Mystery, Thriller",7.7,George Sluizer,
Withnail & I,1987,R,107 min,"Comedy, Drama",7.7,Bruce Robinson,
The Last Emperor,1987,U,163 min,"Biography, Drama, History",7.7,Bernardo Bertolucci,
Empire of the Sun,1987,U,153 min,"Action, Drama, History",7.7,Steven Spielberg,
Der Name der Rose,1986,R,130 min,"Crime, Drama, Mystery",7.7,Jean-Jacques Annaud,
Blue Velvet,1986,A,120 min,"Drama, Mystery, Thriller",7.7,David Lynch,
The Purple Rose of Cairo,1985,U,82 min,"Comedy, Fantasy, Romance",7.7,Woody Allen,
After Hours,1985,UA,97 min,"Comedy, Crime, Drama",7.7,Martin Scorsese,
Zelig,1983,PG,79 min,Comedy,7.7,Woody Allen,
The Verdict,1982,U,129 min,Drama,7.7,Sidney Lumet,
Star Trek II: The Wrath of Khan,1982,U,113 min,"Action, Adventure, Sci-Fi",7.7,Nicholas Meyer,
First Blood,1982,A,93 min,"Action, Adventure",7.7,Ted Kotcheff,
Ordinary People,1980,U,124 min,Drama,7.7,Robert Redford,
Airplane!,1980,U,88 min,Comedy,7.7,Jim Abrahams,
Rupan sansei: Kariosutoro no shiro,1979,U,100 min,"Animation, Adventure, Family",7.7,Hayao Miyazaki,
Halloween,1978,A,91 min,"Horror, Thriller",7.7,John Carpenter,
Le locataire,1976,R,126 min,"Drama, Thriller",7.7,Roman Polanski,
Love and Death,1975,PG,85 min,"Comedy, War",7.7,Woody Allen,
The Taking of Pelham One Two Three,1974,U,104 min,"Action, Crime, Thriller",7.7,Joseph Sargent,
Blazing Saddles,1974,A,93 min,"Comedy, Western",7.7,Mel Brooks,
Serpico,1973,A,130 min,"Biography, Crime, Drama",7.7,Sidney Lumet,
Enter the Dragon,1973,A,102 min,"Action, Crime, Drama",7.7,Robert Clouse,
Deliverance,1972,U,109 min,"Adventure, Drama, Thriller",7.7,John Boorman,
The French Connection,1971,A,104 min,"Action, Crime, Drama",7.7,William Friedkin,
Dirty Harry,1971,A,102 min,"Action, Crime, Thriller",7.7,Don Siegel,
Where Eagles Dare,1968,U,158 min,"Action, Adventure, War",7.7,Brian G. Hutton,
The Odd Couple,1968,G,105 min,Comedy,7.7,Gene Saks,
The Dirty Dozen,1967,,150 min,"Action, Adventure, War",7.7,Robert Aldrich,
Belle de jour,1967,A,100 min,"Drama, Romance",7.7,Luis Buñuel,
A Man for All Seasons,1966,U,120 min,"Biography, Drama, History",7.7,Fred Zinnemann,
Repulsion,1965,,105 min,"Drama, Horror, Thriller",7.7,Roman Polanski,
Zulu,1964,U,138 min,"Drama, History, War",7.7,Cy Endfield,
Goldfinger,1964,A,110 min,"Action, Adventure, Thriller",7.7,Guy Hamilton,
The Birds,1963,A,119 min,"Drama, Horror, Mystery",7.7,Alfred Hitchcock,
Cape Fear,1962,Passed,106 min,"Drama, Thriller",7.7,J. Lee Thompson,
Peeping Tom,1960,,101 min,"Drama, Horror, Thriller",7.7,Michael Powell,
The Magnificent Seven,1960,Approved,128 min,"Action, Adventure, Western",7.7,John Sturges,
Les yeux sans visage,1960,,90 min,"Drama, Horror",7.7,Georges Franju,
Invasion of the Body Snatchers,1956,Approved,80 min,"Drama, Horror, Sci-Fi",7.7,Don Siegel,
Rebel Without a Cause,1955,PG-13,111 min,Drama,7.7,Nicholas Ray,
The Ladykillers,1955,,91 min,"Comedy, Crime",7.7,Alexander Mackendrick,
Sabrina,1954,Passed,113 min,"Comedy, Drama, Romance",7.7,Billy Wilder,
The Quiet Man,1952,Passed,129 min,"Comedy, Drama, Romance",7.7,John Ford,
The Day the Earth Stood Still,1951,U,92 min,"Drama, Sci-Fi",7.7,Robert Wise,
The African Queen,1951,PG,105 min,"Adventure, Drama, Romance",7.7,John Huston,
Gilda,1946,Approved,110 min,"Drama, Film-Noir, Romance",7.7,Charles Vidor,
Fantasia,1940,G,125 min,"Animation, Family, Fantasy",7.7,James Algar,
The Invisible Man,1933,TV-PG,71 min,"Horror, Sci-Fi",7.7,James Whale,
Dark Waters,2019,PG-13,126 min,"Biography, Drama, History",7.6,Todd Haynes,
Searching,2018,U/A,102 min,"Drama, Mystery, Thriller",7.6,Aneesh Chaganty,
Once Upon a Time... in Hollywood,2019,A,161 min,"Comedy, Drama",7.6,Quentin Tarantino,
Nelyubov,2017,R,127 min,Drama,7.6,Andrey Zvyagintsev,
The Florida Project,2017,A,111 min,Drama,7.6,Sean Baker,
Just Mercy,2019,A,137 min,"Biography, Crime, Drama",7.6,Destin Daniel Cretton,
Gifted,2017,PG-13,101 min,Drama,7.6,Marc Webb,
The Peanut Butter Falcon,2019,PG-13,97 min,"Adventure, Comedy, Drama",7.6,Tyler Nilson,
Victoria,2015,,138 min,"Crime, Drama, Romance",7.6,Sebastian Schipper,
Mustang,2015,PG-13,97 min,Drama,7.6,Deniz Gamze Ergüven,
Guardians of the Galaxy Vol. 2,2017,UA,136 min,"Action, Adventure, Comedy",7.6,James Gunn,
Baby Driver,2017,UA,113 min,"Action, Crime, Drama",7.6,Edgar Wright,
Only the Brave,2017,UA,134 min,"Action, Biography, Drama",7.6,Joseph Kosinski,
Bridge of Spies,2015,UA,142 min,"Drama, History, Thriller",7.6,Steven Spielberg,
Incredibles 2,2018,UA,118 min,"Animation, Action, Adventure",7.6,Brad Bird,
Moana,2016,U,107 min,"Animation, Adventure, Comedy",7.6,Ron Clements,
Sicario,2015,A,121 min,"Action, Crime, Drama",7.6,Denis Villeneuve,
Creed,2015,A,133 min,"Drama, Sport",7.6,Ryan Coogler,
Leviafan,2014,R,140 min,"Crime, Drama",7.6,Andrey Zvyagintsev,
Hell or High Water,2016,R,102 min,"Action, Crime, Drama",7.6,David Mackenzie,
Philomena,2013,PG-13,98 min,"Biography, Comedy, Drama",7.6,Stephen Frears,
Dawn of the Planet of the Apes,2014,UA,130 min,"Action, Adventure, Drama",7.6,Matt Reeves,
El cuerpo,2012,,112 min,"Mystery, Thriller",7.6,Oriol Paulo,
Serbuan maut,2011,A,101 min,"Action, Thriller",7.6,Gareth Evans,
End of Watch,2012,A,109 min,"Action, Crime, Drama",7.6,David Ayer,
Kari-gurashi no Arietti,2010,U,94 min,"Animation, Adventure, Family",7.6,Hiromasa Yonebayashi,
A Star Is Born,2018,UA,136 min,"Drama, Music, Romance",7.6,Bradley Cooper,
True Grit,2010,PG-13,110 min,"Drama, Western",7.6,Ethan Coen,
Hævnen,2010,R,118 min,"Drama, Romance",7.6,Susanne Bier,
Despicable Me,2010,U,95 min,"Animation, Comedy, Crime",7.6,Pierre Coffin,
50/50,2011,R,100 min,"Comedy, Drama, Romance",7.6,Jonathan Levine,
Kick-Ass,2010,UA,117 min,"Action, Comedy, Crime",7.6,Matthew Vaughn,
Celda 211,2009,,113 min,"Action, Adventure, Crime",7.6,Daniel Monzón,
Moneyball,2011,PG-13,133 min,"Biography, Drama, Sport",7.6,Bennett Miller,
La piel que habito,2011,R,120 min,"Drama, Horror, Thriller",7.6,Pedro Almodóvar,
Zombieland,2009,A,88 min,"Adventure, Comedy, Fantasy",7.6,Ruben Fleischer,
Die Welle,2008,,107 min,"Drama, Thriller",7.6,Dennis Gansel,
Sherlock Holmes,2009,PG-13,128 min,"Action, Adventure, Mystery",7.6,Guy Ritchie,
The Blind Side,2009,UA,129 min,"Biography, Drama, Sport",7.6,John Lee Hancock,
The Visitor,2007,PG-13,104 min,Drama,7.6,Tom McCarthy,
Seven Pounds,2008,UA,123 min,Drama,7.6,Gabriele Muccino,
Eastern Promises,2007,R,100 min,"Action, Crime, Drama",7.6,David Cronenberg,
Stardust,2007,U,127 min,"Adventure, Family, Fantasy",7.6,Matthew Vaughn,
The Secret of Kells,2009,,71 min,"Animation, Adventure, Family",7.6,Tomm Moore,
Inside Man,2006,R,129 min,"Crime, Drama, Mystery",7.6,Spike Lee,
Gone Baby Gone,2007,R,114 min,"Crime, Drama, Mystery",7.6,Ben Affleck,
La Vie En Rose,2007,PG-13,140 min,"Biography, Drama, Music",7.6,Olivier Dahan,
Huo Yuan Jia,2006,PG-13,104 min,"Action, Biography, Drama",7.6,Ronny Yu,
The Illusionist,2006,U,110 min,"Drama, Fantasy, Mystery",7.6,Neil Burger,
Dead Man's Shoes,2004,,90 min,"Crime, Drama, Thriller",7.6,Shane Meadows,
Harry Potter and the Half-Blood Prince,2009,UA,153 min,"Action, Adventure, Family",7.6,David Yates,
300,2006,A,117 min,"Action, Drama",7.6,Zack Snyder,
Match Point,2005,R,124 min,"Drama, Romance, Thriller",7.6,Woody Allen,
Watchmen,2009,A,162 min,"Action, Drama, Mystery",7.6,Zack Snyder,
Lord of War,2005,R,122 min,"Action, Crime, Drama",7.6,Andrew Niccol,
Saw,2004,UA,103 min,"Horror, Mystery, Thriller",7.6,James Wan,
"Synecdoche, New York",2008,R,124 min,Drama,7.6,Charlie Kaufman,
Mysterious Skin,2004,R,105 min,Drama,7.6,Gregg Araki,
Jeux d'enfants,2003,R,93 min,"Comedy, Drama, Romance",7.6,Yann Samuell,
Un long dimanche de fiançailles,2004,U,133 min,"Drama, Mystery, Romance",7.6,Jean-Pierre Jeunet,
The Station Agent,2003,R,89 min,"Comedy, Drama",7.6,Tom McCarthy,
21 Grams,2003,UA,124 min,"Crime, Drama, Thriller",7.6,Alejandro G. Iñárritu,
Boksuneun naui geot,2002,R,129 min,"Crime, Drama, Thriller",7.6,Chan-wook Park,
Finding Neverland,2004,U,106 min,"Biography, Drama, Family",7.6,Marc Forster,
25th Hour,2002,R,135 min,Drama,7.6,Spike Lee,
The Butterfly Effect,2004,U,113 min,"Drama, Sci-Fi, Thriller",7.6,Eric Bress,
28 Days Later...,2002,A,113 min,"Drama, Horror, Sci-Fi",7.6,Danny Boyle,
Batoru rowaiaru,2000,,114 min,"Action, Adventure, Drama",7.6,Kinji Fukasaku,
The Royal Tenenbaums,2001,A,110 min,"Comedy, Drama",7.6,Wes Anderson,
Y tu mamá también,2001,A,106 min,Drama,7.6,Alfonso Cuarón,
Harry Potter and the Sorcerer's Stone,2001,U,152 min,"Adventure, Family, Fantasy",7.6,Chris Columbus,
The Others,2001,PG-13,101 min,"Horror, Mystery, Thriller",7.6,Alejandro Amenábar,
Blow,2001,R,124 min,"Biography, Crime, Drama",7.6,Ted Demme,
Enemy at the Gates,2001,A,131 min,"Drama, History, War",7.6,Jean-Jacques Annaud,
Minority Report,2002,A,145 min,"Action, Crime, Mystery",7.6,Steven Spielberg,
The Hurricane,1999,R,146 min,"Biography, Drama, Sport",7.6,Norman Jewison,
American Psycho,2000,A,101 min,"Comedy, Crime, Drama",7.6,Mary Harron,
Lola rennt,1998,UA,81 min,"Crime, Drama, Thriller",7.6,Tom Tykwer,
The Thin Red Line,1998,A,170 min,"Drama, War",7.6,Terrence Malick,
Mulan,1998,U,88 min,"Animation, Adventure, Family",7.6,Tony Bancroft,
Fear and Loathing in Las Vegas,1998,R,118 min,"Adventure, Comedy, Drama",7.6,Terry Gilliam,
Funny Games,1997,A,108 min,"Crime, Drama, Thriller",7.6,Michael Haneke,
Dark City,1998,A,100 min,"Mystery, Sci-Fi, Thriller",7.6,Alex Proyas,
Sleepers,1996,UA,147 min,"Crime, Drama, Thriller",7.6,Barry Levinson,
Lost Highway,1997,A,134 min,"Mystery, Thriller",7.6,David Lynch,
Sense and Sensibility,1995,U,136 min,"Drama, Romance",7.6,Ang Lee,
Die Hard: With a Vengeance,1995,A,128 min,"Action, Adventure, Thriller",7.6,John McTiernan,
Dead Man,1995,R,121 min,"Adventure, Drama, Fantasy",7.6,Jim Jarmusch,
The Bridges of Madison County,1995,A,135 min,"Drama, Romance",7.6,Clint Eastwood,
Apollo 13,PG,U,140 min,"Adventure, Drama, History",7.6,Ron Howard,
Trois couleurs: Blanc,1994,U,92 min,"Comedy, Drama, Romance",7.6,Krzysztof Kieslowski,
Falling Down,1993,R,113 min,"Action, Crime, Drama",7.6,Joel Schumacher,
Dazed and Confused,1993,U,102 min,Comedy,7.6,Richard Linklater,
My Cousin Vinny,1992,UA,120 min,"Comedy, Crime",7.6,Jonathan Lynn,
Omohide poro poro,1991,U,118 min,"Animation, Drama, Romance",7.6,Isao Takahata,
Delicatessen,1991,R,99 min,"Comedy, Crime",7.6,Marc Caro,
Home Alone,1990,U,103 min,"Comedy, Family",7.6,Chris Columbus,
The Godfather: Part III,1990,A,162 min,"Crime, Drama",7.6,Francis Ford Coppola,
When Harry Met Sally...,1989,UA,95 min,"Comedy, Drama, Romance",7.6,Rob Reiner,
The Little Mermaid,1989,U,83 min,"Animation, Family, Fantasy",7.6,Ron Clements,
The Naked Gun: From the Files of Police Squad!,1988,U,85 min,"Comedy, Crime",7.6,David Zucker,
"Planes, Trains & Automobiles",1987,U,93 min,"Comedy, Drama",7.6,John Hughes,
Lethal Weapon,1987,A,109 min,"Action, Crime, Thriller",7.6,Richard Donner,
Blood Simple,1984,A,99 min,"Crime, Drama, Thriller",7.6,Joel Coen,
On Golden Pond,1981,UA,109 min,Drama,7.6,Mark Rydell,
Mad Max 2,1981,A,96 min,"Action, Adventure, Sci-Fi",7.6,George Miller,
The Warriors,1979,UA,92 min,"Action, Crime, Thriller",7.6,Walter Hill,
The Muppet Movie,1979,U,95 min,"Adventure, Comedy, Family",7.6,James Frawley,
Escape from Alcatraz,1979,A,112 min,"Action, Biography, Crime",7.6,Don Siegel,
Watership Down,1978,U,91 min,"Animation, Adventure, Drama",7.6,Martin Rosen,
Midnight Express,1978,A,121 min,"Biography, Crime, Drama",7.6,Alan Parker,
Close Encounters of the Third Kind,1977,U,138 min,"Drama, Sci-Fi",7.6,Steven Spielberg,
The Long Goodbye,1973,A,112 min,"Comedy, Crime, Drama",7.6,Robert Altman,
Giù la testa,1971,PG,157 min,"Drama, War, Western",7.6,Sergio Leone,
Kelly's Heroes,1970,GP,144 min,"Adventure, Comedy, War",7.6,Brian G. Hutton,
The Jungle Book,1967,U,78 min,"Animation, Adventure, Family",7.6,Wolfgang Reitherman,
Blowup,1966,A,111 min,"Drama, Mystery, Thriller",7.6,Michelangelo Antonioni,
A Hard Day's Night,1964,U,87 min,"Comedy, Music, Musical",7.6,Richard Lester,
Breakfast at Tiffany's,1961,A,115 min,"Comedy, Drama, Romance",7.6,Blake Edwards,
Giant,1956,G,201 min,"Drama, Western",7.6,George Stevens,
From Here to Eternity,1953,Passed,118 min,"Drama, Romance, War",7.6,Fred Zinnemann,
Lifeboat,1944,,97 min,"Drama, War",7.6,Alfred Hitchcock,
The 39 Steps,1935,,86 min,"Crime, Mystery, Thriller",7.6,Alfred Hitchcock,
