tconst,originalTitle,startYear,runtimeMinutes,Genre,Director,Writer,Actor
tt0120744,The Man in the Iron Mask,1998,132,Action,Randall Wallace,Alexandre Dumas,Leonardo DiCaprio
tt0120744,The Man in the Iron Mask,1998,132,Adventure,Randall Wallace,Alexandre Dumas,Leonardo DiCaprio
tt0120744,The Man in the Iron Mask,1998,132,Drama,Randall Wallace,Alexandre Dumas,Leonardo DiCaprio
tt0120744,The Man in the Iron Mask,1998,132,Action,Randall Wallace,Randall Wallace,Leonardo DiCaprio
tt0120744,The Man in the Iron Mask,1998,132,Adventure,Randall Wallace,Randall Wallace,Leonardo DiCaprio
tt0120744,The Man in the Iron Mask,1998,132,Drama,Randall Wallace,Randall Wallace,Leonardo DiCaprio
tt0117509,Romeo + Juliet,1996,120,Drama,Baz Luhrmann,William Shakespeare,Leonardo DiCaprio
tt0117509,Romeo + Juliet,1996,120,Romance,Baz Luhrmann,William Shakespeare,Leonardo DiCaprio
tt0117509,Romeo + Juliet,1996,120,Drama,Baz Luhrmann,Baz Luhrmann,Leonardo DiCaprio
tt0117509,Romeo + Juliet,1996,120,Romance,Baz Luhrmann,Baz Luhrmann,Leonardo DiCaprio
tt0117509,Romeo + Juliet,1996,120,Drama,Baz Luhrmann,Craig Pearce,Leonardo DiCaprio
tt0117509,Romeo + Juliet,1996,120,Romance,Baz Luhrmann,Craig Pearce,Leonardo DiCaprio
tt0075968,The Duellists,1977,100,Drama,Ridley Scott,Joseph Conrad,Albert Finney
tt0075968,The Duellists,1977,100,Drama,Ridley Scott,Joseph Conrad,Edward Fox
tt0075968,The Duellists,1977,100,Drama,Ridley Scott,Joseph Conrad,Harvey Keitel
tt0075968,The Duellists,1977,100,Drama,Ridley Scott,Joseph Conrad,Keith Carradine
tt0075968,The Duellists,1977,100,War,Ridley Scott,Joseph Conrad,Albert Finney
tt0075968,The Duellists,1977,100,War,Ridley Scott,Joseph Conrad,Edward Fox
tt0075968,The Duellists,1977,100,War,Ridley Scott,Joseph Conrad,Harvey Keitel
tt0075968,The Duellists,1977,100,War,Ridley Scott,Joseph Conrad,Keith Carradine
tt0075968,The Duellists,1977,100,Drama,Ridley Scott,Gerald Vaughan-Hughes,Albert Finney
tt0075968,The Duellists,1977,100,Drama,Ridley Scott,Gerald Vaughan-Hughes,Edward Fox
tt0075968,The Duellists,1977,100,Drama,Ridley Scott,Gerald Vaughan-Hughes,Harvey Keitel
tt0075968,The Duellists,1977,100,Drama,Ridley Scott,Gerald Vaughan-Hughes,Keith Carradine
tt0075968,The Duellists,1977,100,War,Ridley Scott,Gerald Vaughan-Hughes,Albert Finney
tt0075968,The Duellists,1977,100,War,Ridley Scott,Gerald Vaughan-Hughes,Edward Fox
tt0075968,The Duellists,1977,100,War,Ridley Scott,Gerald Vaughan-Hughes,Harvey Keitel
tt0075968,The Duellists,1977,100,War,Ridley Scott,Gerald Vaughan-Hughes,Keith Carradine
tt1343092,The Great Gatsby,2013,143,Drama,Baz Luhrmann,F. Scott Fitzgerald,Leonardo DiCaprio
tt1343092,The Great Gatsby,2013,143,Romance,Baz Luhrmann,F. Scott Fitzgerald,Leonardo DiCaprio
tt1343092,The Great Gatsby,2013,143,Drama,Baz Luhrmann,Baz Luhrmann,Leonardo DiCaprio
tt1343092,The Great Gatsby,2013,143,Romance,Baz Luhrmann,Baz Luhrmann,Leonardo DiCaprio
tt1343092,The Great Gatsby,2013,143,Drama,Baz Luhrmann,Craig Pearce,Leonardo DiCaprio
tt1343092,The Great Gatsby,2013,143,Romance,Baz Luhrmann,Craig Pearce,Leonardo DiCaprio
tt2243597,The King of Ads,1991,74,Documentary,Ridley Scott,Jean-Marie Boursicot,Vanessa Paradis
tt8293244,"The King of Ads, Part 2",1993,56,Documentary,Ridley Scott,Jean-Marie Boursicot,Carole Bouquet
tt0120533,Celebrity,1998,113,Comedy,Woody Allen,Woody Allen,Leonardo DiCaprio
tt0120533,Celebrity,1998,113,Drama,Woody Allen,Woody Allen,Leonardo DiCaprio
tt0078748,Alien,1979,117,Horror,Ridley Scott,Ronald Shusett,Veronica Cartwright
tt0078748,Alien,1979,117,Horror,Ridley Scott,Ronald Shusett,John Hurt
tt0078748,Alien,1979,117,Horror,Ridley Scott,Ronald Shusett,Tom Skerritt
tt0078748,Alien,1979,117,Horror,Ridley Scott,Ronald Shusett,Sigourney Weaver
tt0078748,Alien,1979,117,Sci-Fi,Ridley Scott,Ronald Shusett,Veronica Cartwright
tt0078748,Alien,1979,117,Sci-Fi,Ridley Scott,Ronald Shusett,John Hurt
tt0078748,Alien,1979,117,Sci-Fi,Ridley Scott,Ronald Shusett,Tom Skerritt
tt0078748,Alien,1979,117,Sci-Fi,Ridley Scott,Ronald Shusett,Sigourney Weaver
tt0078748,Alien,1979,117,Horror,Ridley Scott,Dan O'Bannon,Veronica Cartwright
tt0078748,Alien,1979,117,Horror,Ridley Scott,Dan O'Bannon,John Hurt
tt0078748,Alien,1979,117,Horror,Ridley Scott,Dan O'Bannon,Tom Skerritt
tt0078748,Alien,1979,117,Horror,Ridley Scott,Dan O'Bannon,Sigourney Weaver
tt0078748,Alien,1979,117,Sci-Fi,Ridley Scott,Dan O'Bannon,Veronica Cartwright
tt0078748,Alien,1979,117,Sci-Fi,Ridley Scott,Dan O'Bannon,John Hurt
tt0078748,Alien,1979,117,Sci-Fi,Ridley Scott,Dan O'Bannon,Tom Skerritt
tt0078748,Alien,1979,117,Sci-Fi,Ridley Scott,Dan O'Bannon,Sigourney Weaver
tt1446714,Prometheus,2012,124,Adventure,Ridley Scott,Ronald Shusett,Charlize Theron
tt1446714,Prometheus,2012,124,Adventure,Ridley Scott,Ronald Shusett,Noomi Rapace
tt1446714,Prometheus,2012,124,Adventure,Ridley Scott,Ronald Shusett,Michael Fassbender
tt1446714,Prometheus,2012,124,Adventure,Ridley Scott,Ronald Shusett,Logan Marshall-Green
tt1446714,Prometheus,2012,124,Mystery,Ridley Scott,Ronald Shusett,Charlize Theron
tt1446714,Prometheus,2012,124,Mystery,Ridley Scott,Ronald Shusett,Noomi Rapace
tt1446714,Prometheus,2012,124,Mystery,Ridley Scott,Ronald Shusett,Michael Fassbender
tt1446714,Prometheus,2012,124,Mystery,Ridley Scott,Ronald Shusett,Logan Marshall-Green
tt1446714,Prometheus,2012,124,Sci-Fi,Ridley Scott,Ronald Shusett,Charlize Theron
tt1446714,Prometheus,2012,124,Sci-Fi,Ridley Scott,Ronald Shusett,Noomi Rapace
tt1446714,Prometheus,2012,124,Sci-Fi,Ridley Scott,Ronald Shusett,Michael Fassbender
tt1446714,Prometheus,2012,124,Sci-Fi,Ridley Scott,Ronald Shusett,Logan Marshall-Green
tt1446714,Prometheus,2012,124,Adventure,Ridley Scott,Dan O'Bannon,Charlize Theron
tt1446714,Prometheus,2012,124,Adventure,Ridley Scott,Dan O'Bannon,Noomi Rapace
tt1446714,Prometheus,2012,124,Adventure,Ridley Scott,Dan O'Bannon,Michael Fassbender
tt1446714,Prometheus,2012,124,Adventure,Ridley Scott,Dan O'Bannon,Logan Marshall-Green
tt1446714,Prometheus,2012,124,Mystery,Ridley Scott,Dan O'Bannon,Charlize Theron
tt1446714,Prometheus,2012,124,Mystery,Ridley Scott,Dan O'Bannon,Noomi Rapace
tt1446714,Prometheus,2012,124,Mystery,Ridley Scott,Dan O'Bannon,Michael Fassbender
tt1446714,Prometheus,2012,124,Mystery,Ridley Scott,Dan O'Bannon,Logan Marshall-Green
tt1446714,Prometheus,2012,124,Sci-Fi,Ridley Scott,Dan O'Bannon,Charlize Theron
tt1446714,Prometheus,2012,124,Sci-Fi,Ridley Scott,Dan O'Bannon,Noomi Rapace
tt1446714,Prometheus,2012,124,Sci-Fi,Ridley Scott,Dan O'Bannon,Michael Fassbender
tt1446714,Prometheus,2012,124,Sci-Fi,Ridley Scott,Dan O'Bannon,Logan Marshall-Green
tt1446714,Prometheus,2012,124,Adventure,Ridley Scott,Jon Spaihts,Charlize Theron
tt1446714,Prometheus,2012,124,Adventure,Ridley Scott,Jon Spaihts,Noomi Rapace
tt1446714,Prometheus,2012,124,Adventure,Ridley Scott,Jon Spaihts,Michael Fassbender
tt1446714,Prometheus,2012,124,Adventure,Ridley Scott,Jon Spaihts,Logan Marshall-Green
tt1446714,Prometheus,2012,124,Mystery,Ridley Scott,Jon Spaihts,Charlize Theron
tt1446714,Prometheus,2012,124,Mystery,Ridley Scott,Jon Spaihts,Noomi Rapace
tt1446714,Prometheus,2012,124,Mystery,Ridley Scott,Jon Spaihts,Michael Fassbender
tt1446714,Prometheus,2012,124,Mystery,Ridley Scott,Jon Spaihts,Logan Marshall-Green
tt1446714,Prometheus,2012,124,Sci-Fi,Ridley Scott,Jon Spaihts,Charlize Theron
tt1446714,Prometheus,2012,124,Sci-Fi,Ridley Scott,Jon Spaihts,Noomi Rapace
tt1446714,Prometheus,2012,124,Sci-Fi,Ridley Scott,Jon Spaihts,Michael Fassbender
tt1446714,Prometheus,2012,124,Sci-Fi,Ridley Scott,Jon Spaihts,Logan Marshall-Green
tt1446714,Prometheus,2012,124,Adventure,Ridley Scott,Damon Lindelof,Charlize Theron
tt1446714,Prometheus,2012,124,Adventure,Ridley Scott,Damon Lindelof,Noomi Rapace
tt1446714,Prometheus,2012,124,Adventure,Ridley Scott,Damon Lindelof,Michael Fassbender
tt1446714,Prometheus,2012,124,Adventure,Ridley Scott,Damon Lindelof,Logan Marshall-Green
tt1446714,Prometheus,2012,124,Mystery,Ridley Scott,Damon Lindelof,Charlize Theron
tt1446714,Prometheus,2012,124,Mystery,Ridley Scott,Damon Lindelof,Noomi Rapace
tt1446714,Prometheus,2012,124,Mystery,Ridley Scott,Damon Lindelof,Michael Fassbender
tt1446714,Prometheus,2012,124,Mystery,Ridley Scott,Damon Lindelof,Logan Marshall-Green
tt1446714,Prometheus,2012,124,Sci-Fi,Ridley Scott,Damon Lindelof,Charlize Theron
tt1446714,Prometheus,2012,124,Sci-Fi,Ridley Scott,Damon Lindelof,Noomi Rapace
tt1446714,Prometheus,2012,124,Sci-Fi,Ridley Scott,Damon Lindelof,Michael Fassbender
tt1446714,Prometheus,2012,124,Sci-Fi,Ridley Scott,Damon Lindelof,Logan Marshall-Green
tt2316204,Alien: Covenant,2017,122,Horror,Ridley Scott,Ronald Shusett,Billy Crudup
tt2316204,Alien: Covenant,2017,122,Horror,Ridley Scott,Ronald Shusett,Michael Fassbender
tt2316204,Alien: Covenant,2017,122,Horror,Ridley Scott,Ronald Shusett,Danny McBride
tt2316204,Alien: Covenant,2017,122,Horror,Ridley Scott,Ronald Shusett,Katherine Waterston
tt2316204,Alien: Covenant,2017,122,Sci-Fi,Ridley Scott,Ronald Shusett,Billy Crudup
tt2316204,Alien: Covenant,2017,122,Sci-Fi,Ridley Scott,Ronald Shusett,Michael Fassbender
tt2316204,Alien: Covenant,2017,122,Sci-Fi,Ridley Scott,Ronald Shusett,Danny McBride
tt2316204,Alien: Covenant,2017,122,Sci-Fi,Ridley Scott,Ronald Shusett,Katherine Waterston
tt2316204,Alien: Covenant,2017,122,Thriller,Ridley Scott,Ronald Shusett,Billy Crudup
tt2316204,Alien: Covenant,2017,122,Thriller,Ridley Scott,Ronald Shusett,Michael Fassbender
tt2316204,Alien: Covenant,2017,122,Thriller,Ridley Scott,Ronald Shusett,Danny McBride
tt2316204,Alien: Covenant,2017,122,Thriller,Ridley Scott,Ronald Shusett,Katherine Waterston
tt2316204,Alien: Covenant,2017,122,Horror,Ridley Scott,Dan O'Bannon,Billy Crudup
tt2316204,Alien: Covenant,2017,122,Horror,Ridley Scott,Dan O'Bannon,Michael Fassbender
tt2316204,Alien: Covenant,2017,122,Horror,Ridley Scott,Dan O'Bannon,Danny McBride
tt2316204,Alien: Covenant,2017,122,Horror,Ridley Scott,Dan O'Bannon,Katherine Waterston
tt2316204,Alien: Covenant,2017,122,Sci-Fi,Ridley Scott,Dan O'Bannon,Billy Crudup
tt2316204,Alien: Covenant,2017,122,Sci-Fi,Ridley Scott,Dan O'Bannon,Michael Fassbender
tt2316204,Alien: Covenant,2017,122,Sci-Fi,Ridley Scott,Dan O'Bannon,Danny McBride
tt2316204,Alien: Covenant,2017,122,Sci-Fi,Ridley Scott,Dan O'Bannon,Katherine Waterston
tt2316204,Alien: Covenant,2017,122,Thriller,Ridley Scott,Dan O'Bannon,Billy Crudup
tt2316204,Alien: Covenant,2017,122,Thriller,Ridley Scott,Dan O'Bannon,Michael Fassbender
tt2316204,Alien: Covenant,2017,122,Thriller,Ridley Scott,Dan O'Bannon,Danny McBride
tt2316204,Alien: Covenant,2017,122,Thriller,Ridley Scott,Dan O'Bannon,Katherine Waterston
tt2316204,Alien: Covenant,2017,122,Horror,Ridley Scott,Michael Green,Billy Crudup
tt2316204,Alien: Covenant,2017,122,Horror,Ridley Scott,Michael Green,Michael Fassbender
tt2316204,Alien: Covenant,2017,122,Horror,Ridley Scott,Michael Green,Danny McBride
tt2316204,Alien: Covenant,2017,122,Horror,Ridley Scott,Michael Green,Katherine Waterston
tt2316204,Alien: Covenant,2017,122,Sci-Fi,Ridley Scott,Michael Green,Billy Crudup
tt2316204,Alien: Covenant,2017,122,Sci-Fi,Ridley Scott,Michael Green,Michael Fassbender
tt2316204,Alien: Covenant,2017,122,Sci-Fi,Ridley Scott,Michael Green,Danny McBride
tt2316204,Alien: Covenant,2017,122,Sci-Fi,Ridley Scott,Michael Green,Katherine Waterston
tt2316204,Alien: Covenant,2017,122,Thriller,Ridley Scott,Michael Green,Billy Crudup
tt2316204,Alien: Covenant,2017,122,Thriller,Ridley Scott,Michael Green,Michael Fassbender
tt2316204,Alien: Covenant,2017,122,Thriller,Ridley Scott,Michael Green,Danny McBride
tt2316204,Alien: Covenant,2017,122,Thriller,Ridley Scott,Michael Green,Katherine Waterston
tt2316204,Alien: Covenant,2017,122,Horror,Ridley Scott,John Logan,Billy Crudup
tt2316204,Alien: Covenant,2017,122,Horror,Ridley Scott,John Logan,Michael Fassbender
tt2316204,Alien: Covenant,2017,122,Horror,Ridley Scott,John Logan,Danny McBride
tt2316204,Alien: Covenant,2017,122,Horror,Ridley Scott,John Logan,Katherine Waterston
tt2316204,Alien: Covenant,2017,122,Sci-Fi,Ridley Scott,John Logan,Billy Crudup
tt2316204,Alien: Covenant,2017,122,Sci-Fi,Ridley Scott,John Logan,Michael Fassbender
tt2316204,Alien: Covenant,2017,122,Sci-Fi,Ridley Scott,John Logan,Danny McBride
tt2316204,Alien: Covenant,2017,122,Sci-Fi,Ridley Scott,John Logan,Katherine Waterston
tt2316204,Alien: Covenant,2017,122,Thriller,Ridley Scott,John Logan,Billy Crudup
tt2316204,Alien: Covenant,2017,122,Thriller,Ridley Scott,John Logan,Michael Fassbender
tt2316204,Alien: Covenant,2017,122,Thriller,Ridley Scott,John Logan,Danny McBride
tt2316204,Alien: Covenant,2017,122,Thriller,Ridley Scott,John Logan,Katherine Waterston
tt2316204,Alien: Covenant,2017,122,Horror,Ridley Scott,Jack Paglen,Billy Crudup
tt2316204,Alien: Covenant,2017,122,Horror,Ridley Scott,Jack Paglen,Michael Fassbender
tt2316204,Alien: Covenant,2017,122,Horror,Ridley Scott,Jack Paglen,Danny McBride
tt2316204,Alien: Covenant,2017,122,Horror,Ridley Scott,Jack Paglen,Katherine Waterston
tt2316204,Alien: Covenant,2017,122,Sci-Fi,Ridley Scott,Jack Paglen,Billy Crudup
tt2316204,Alien: Covenant,2017,122,Sci-Fi,Ridley Scott,Jack Paglen,Michael Fassbender
tt2316204,Alien: Covenant,2017,122,Sci-Fi,Ridley Scott,Jack Paglen,Danny McBride
tt2316204,Alien: Covenant,2017,122,Sci-Fi,Ridley Scott,Jack Paglen,Katherine Waterston
tt2316204,Alien: Covenant,2017,122,Thriller,Ridley Scott,Jack Paglen,Billy Crudup
tt2316204,Alien: Covenant,2017,122,Thriller,Ridley Scott,Jack Paglen,Michael Fassbender
tt2316204,Alien: Covenant,2017,122,Thriller,Ridley Scott,Jack Paglen,Danny McBride
tt2316204,Alien: Covenant,2017,122,Thriller,Ridley Scott,Jack Paglen,Katherine Waterston
tt2316204,Alien: Covenant,2017,122,Horror,Ridley Scott,Dante Harper,Billy Crudup
tt2316204,Alien: Covenant,2017,122,Horror,Ridley Scott,Dante Harper,Michael Fassbender
tt2316204,Alien: Covenant,2017,122,Horror,Ridley Scott,Dante Harper,Danny McBride
tt2316204,Alien: Covenant,2017,122,Horror,Ridley Scott,Dante Harper,Katherine Waterston
tt2316204,Alien: Covenant,2017,122,Sci-Fi,Ridley Scott,Dante Harper,Billy Crudup
tt2316204,Alien: Covenant,2017,122,Sci-Fi,Ridley Scott,Dante Harper,Michael Fassbender
tt2316204,Alien: Covenant,2017,122,Sci-Fi,Ridley Scott,Dante Harper,Danny McBride
tt2316204,Alien: Covenant,2017,122,Sci-Fi,Ridley Scott,Dante Harper,Katherine Waterston
tt2316204,Alien: Covenant,2017,122,Thriller,Ridley Scott,Dante Harper,Billy Crudup
tt2316204,Alien: Covenant,2017,122,Thriller,Ridley Scott,Dante Harper,Michael Fassbender
tt2316204,Alien: Covenant,2017,122,Thriller,Ridley Scott,Dante Harper,Danny McBride
tt2316204,Alien: Covenant,2017,122,Thriller,Ridley Scott,Dante Harper,Katherine Waterston
tt1663202,The Revenant,2015,156,Action,Alejandro G. Iñárritu,Alejandro G. Iñárritu,Leonardo DiCaprio
tt1663202,The Revenant,2015,156,Adventure,Alejandro G. Iñárritu,Alejandro G. Iñárritu,Leonardo DiCaprio
tt1663202,The Revenant,2015,156,Drama,Alejandro G. Iñárritu,Alejandro G. Iñárritu,Leonardo DiCaprio
tt1663202,The Revenant,2015,156,Action,Alejandro G. Iñárritu,Mark L. Smith,Leonardo DiCaprio
tt1663202,The Revenant,2015,156,Adventure,Alejandro G. Iñárritu,Mark L. Smith,Leonardo DiCaprio
tt1663202,The Revenant,2015,156,Drama,Alejandro G. Iñárritu,Mark L. Smith,Leonardo DiCaprio
tt1663202,The Revenant,2015,156,Action,Alejandro G. Iñárritu,Michael Punke,Leonardo DiCaprio
tt1663202,The Revenant,2015,156,Adventure,Alejandro G. Iñárritu,Michael Punke,Leonardo DiCaprio
tt1663202,The Revenant,2015,156,Drama,Alejandro G. Iñárritu,Michael Punke,Leonardo DiCaprio
tt0959337,Revolutionary Road,2008,119,Drama,Sam Mendes,Richard Yates,Leonardo DiCaprio
tt0959337,Revolutionary Road,2008,119,Romance,Sam Mendes,Richard Yates,Leonardo DiCaprio
tt0959337,Revolutionary Road,2008,119,Drama,Sam Mendes,Justin Haythe,Leonardo DiCaprio
tt0959337,Revolutionary Road,2008,119,Romance,Sam Mendes,Justin Haythe,Leonardo DiCaprio
tt0096933,Black Rain,1989,125,Action,Ridley Scott,Warren Lewis,Ken Takakura
tt0096933,Black Rain,1989,125,Action,Ridley Scott,Warren Lewis,Michael Douglas
tt0096933,Black Rain,1989,125,Action,Ridley Scott,Warren Lewis,Kate Capshaw
tt0096933,Black Rain,1989,125,Action,Ridley Scott,Warren Lewis,Andy Garcia
tt0096933,Black Rain,1989,125,Crime,Ridley Scott,Warren Lewis,Ken Takakura
tt0096933,Black Rain,1989,125,Crime,Ridley Scott,Warren Lewis,Michael Douglas
tt0096933,Black Rain,1989,125,Crime,Ridley Scott,Warren Lewis,Kate Capshaw
tt0096933,Black Rain,1989,125,Crime,Ridley Scott,Warren Lewis,Andy Garcia
tt0096933,Black Rain,1989,125,Thriller,Ridley Scott,Warren Lewis,Ken Takakura
tt0096933,Black Rain,1989,125,Thriller,Ridley Scott,Warren Lewis,Michael Douglas
tt0096933,Black Rain,1989,125,Thriller,Ridley Scott,Warren Lewis,Kate Capshaw
tt0096933,Black Rain,1989,125,Thriller,Ridley Scott,Warren Lewis,Andy Garcia
tt0096933,Black Rain,1989,125,Action,Ridley Scott,Craig Bolotin,Ken Takakura
tt0096933,Black Rain,1989,125,Action,Ridley Scott,Craig Bolotin,Michael Douglas
tt0096933,Black Rain,1989,125,Action,Ridley Scott,Craig Bolotin,Kate Capshaw
tt0096933,Black Rain,1989,125,Action,Ridley Scott,Craig Bolotin,Andy Garcia
tt0096933,Black Rain,1989,125,Crime,Ridley Scott,Craig Bolotin,Ken Takakura
tt0096933,Black Rain,1989,125,Crime,Ridley Scott,Craig Bolotin,Michael Douglas
tt0096933,Black Rain,1989,125,Crime,Ridley Scott,Craig Bolotin,Kate Capshaw
tt0096933,Black Rain,1989,125,Crime,Ridley Scott,Craig Bolotin,Andy Garcia
tt0096933,Black Rain,1989,125,Thriller,Ridley Scott,Craig Bolotin,Ken Takakura
tt0096933,Black Rain,1989,125,Thriller,Ridley Scott,Craig Bolotin,Michael Douglas
tt0096933,Black Rain,1989,125,Thriller,Ridley Scott,Craig Bolotin,Kate Capshaw
tt0096933,Black Rain,1989,125,Thriller,Ridley Scott,Craig Bolotin,Andy Garcia
tt0212985,Hannibal,2001,131,Crime,Ridley Scott,David Mamet,Anthony Hopkins
tt0212985,Hannibal,2001,131,Crime,Ridley Scott,David Mamet,Ray Liotta
tt0212985,Hannibal,2001,131,Crime,Ridley Scott,David Mamet,Gary Oldman
tt0212985,Hannibal,2001,131,Crime,Ridley Scott,David Mamet,Julianne Moore
tt0212985,Hannibal,2001,131,Drama,Ridley Scott,David Mamet,Anthony Hopkins
tt0212985,Hannibal,2001,131,Drama,Ridley Scott,David Mamet,Ray Liotta
tt0212985,Hannibal,2001,131,Drama,Ridley Scott,David Mamet,Gary Oldman
tt0212985,Hannibal,2001,131,Drama,Ridley Scott,David Mamet,Julianne Moore
tt0212985,Hannibal,2001,131,Thriller,Ridley Scott,David Mamet,Anthony Hopkins
tt0212985,Hannibal,2001,131,Thriller,Ridley Scott,David Mamet,Ray Liotta
tt0212985,Hannibal,2001,131,Thriller,Ridley Scott,David Mamet,Gary Oldman
tt0212985,Hannibal,2001,131,Thriller,Ridley Scott,David Mamet,Julianne Moore
tt0212985,Hannibal,2001,131,Crime,Ridley Scott,Thomas Harris,Anthony Hopkins
tt0212985,Hannibal,2001,131,Crime,Ridley Scott,Thomas Harris,Ray Liotta
tt0212985,Hannibal,2001,131,Crime,Ridley Scott,Thomas Harris,Gary Oldman
tt0212985,Hannibal,2001,131,Crime,Ridley Scott,Thomas Harris,Julianne Moore
tt0212985,Hannibal,2001,131,Drama,Ridley Scott,Thomas Harris,Anthony Hopkins
tt0212985,Hannibal,2001,131,Drama,Ridley Scott,Thomas Harris,Ray Liotta
tt0212985,Hannibal,2001,131,Drama,Ridley Scott,Thomas Harris,Gary Oldman
tt0212985,Hannibal,2001,131,Drama,Ridley Scott,Thomas Harris,Julianne Moore
tt0212985,Hannibal,2001,131,Thriller,Ridley Scott,Thomas Harris,Anthony Hopkins
tt0212985,Hannibal,2001,131,Thriller,Ridley Scott,Thomas Harris,Ray Liotta
tt0212985,Hannibal,2001,131,Thriller,Ridley Scott,Thomas Harris,Gary Oldman
tt0212985,Hannibal,2001,131,Thriller,Ridley Scott,Thomas Harris,Julianne Moore
tt0212985,Hannibal,2001,131,Crime,Ridley Scott,Steven Zaillian,Anthony Hopkins
tt0212985,Hannibal,2001,131,Crime,Ridley Scott,Steven Zaillian,Ray Liotta
tt0212985,Hannibal,2001,131,Crime,Ridley Scott,Steven Zaillian,Gary Oldman
tt0212985,Hannibal,2001,131,Crime,Ridley Scott,Steven Zaillian,Julianne Moore
tt0212985,Hannibal,2001,131,Drama,Ridley Scott,Steven Zaillian,Anthony Hopkins
tt0212985,Hannibal,2001,131,Drama,Ridley Scott,Steven Zaillian,Ray Liotta
tt0212985,Hannibal,2001,131,Drama,Ridley Scott,Steven Zaillian,Gary Oldman
tt0212985,Hannibal,2001,131,Drama,Ridley Scott,Steven Zaillian,Julianne Moore
tt0212985,Hannibal,2001,131,Thriller,Ridley Scott,Steven Zaillian,Anthony Hopkins
tt0212985,Hannibal,2001,131,Thriller,Ridley Scott,Steven Zaillian,Ray Liotta
tt0212985,Hannibal,2001,131,Thriller,Ridley Scott,Steven Zaillian,Gary Oldman
tt0212985,Hannibal,2001,131,Thriller,Ridley Scott,Steven Zaillian,Julianne Moore
tt0094008,Someone to Watch Over Me,1987,106,Crime,Ridley Scott,David Seltzer,Jerry Orbach
tt0094008,Someone to Watch Over Me,1987,106,Crime,Ridley Scott,David Seltzer,Tom Berenger
tt0094008,Someone to Watch Over Me,1987,106,Crime,Ridley Scott,David Seltzer,Mimi Rogers
tt0094008,Someone to Watch Over Me,1987,106,Crime,Ridley Scott,David Seltzer,Lorraine Bracco
tt0094008,Someone to Watch Over Me,1987,106,Drama,Ridley Scott,David Seltzer,Jerry Orbach
tt0094008,Someone to Watch Over Me,1987,106,Drama,Ridley Scott,David Seltzer,Tom Berenger
tt0094008,Someone to Watch Over Me,1987,106,Drama,Ridley Scott,David Seltzer,Mimi Rogers
tt0094008,Someone to Watch Over Me,1987,106,Drama,Ridley Scott,David Seltzer,Lorraine Bracco
tt0094008,Someone to Watch Over Me,1987,106,Romance,Ridley Scott,David Seltzer,Jerry Orbach
tt0094008,Someone to Watch Over Me,1987,106,Romance,Ridley Scott,David Seltzer,Tom Berenger
tt0094008,Someone to Watch Over Me,1987,106,Romance,Ridley Scott,David Seltzer,Mimi Rogers
tt0094008,Someone to Watch Over Me,1987,106,Romance,Ridley Scott,David Seltzer,Lorraine Bracco
tt0094008,Someone to Watch Over Me,1987,106,Crime,Ridley Scott,Danilo Bach,Jerry Orbach
tt0094008,Someone to Watch Over Me,1987,106,Crime,Ridley Scott,Danilo Bach,Tom Berenger
tt0094008,Someone to Watch Over Me,1987,106,Crime,Ridley Scott,Danilo Bach,Mimi Rogers
tt0094008,Someone to Watch Over Me,1987,106,Crime,Ridley Scott,Danilo Bach,Lorraine Bracco
tt0094008,Someone to Watch Over Me,1987,106,Drama,Ridley Scott,Danilo Bach,Jerry Orbach
tt0094008,Someone to Watch Over Me,1987,106,Drama,Ridley Scott,Danilo Bach,Tom Berenger
tt0094008,Someone to Watch Over Me,1987,106,Drama,Ridley Scott,Danilo Bach,Mimi Rogers
tt0094008,Someone to Watch Over Me,1987,106,Drama,Ridley Scott,Danilo Bach,Lorraine Bracco
tt0094008,Someone to Watch Over Me,1987,106,Romance,Ridley Scott,Danilo Bach,Jerry Orbach
tt0094008,Someone to Watch Over Me,1987,106,Romance,Ridley Scott,Danilo Bach,Tom Berenger
tt0094008,Someone to Watch Over Me,1987,106,Romance,Ridley Scott,Danilo Bach,Mimi Rogers
tt0094008,Someone to Watch Over Me,1987,106,Romance,Ridley Scott,Danilo Bach,Lorraine Bracco
tt0094008,Someone to Watch Over Me,1987,106,Crime,Ridley Scott,Howard Franklin,Jerry Orbach
tt0094008,Someone to Watch Over Me,1987,106,Crime,Ridley Scott,Howard Franklin,Tom Berenger
tt0094008,Someone to Watch Over Me,1987,106,Crime,Ridley Scott,Howard Franklin,Mimi Rogers
tt0094008,Someone to Watch Over Me,1987,106,Crime,Ridley Scott,Howard Franklin,Lorraine Bracco
tt0094008,Someone to Watch Over Me,1987,106,Drama,Ridley Scott,Howard Franklin,Jerry Orbach
tt0094008,Someone to Watch Over Me,1987,106,Drama,Ridley Scott,Howard Franklin,Tom Berenger
tt0094008,Someone to Watch Over Me,1987,106,Drama,Ridley Scott,Howard Franklin,Mimi Rogers
tt0094008,Someone to Watch Over Me,1987,106,Drama,Ridley Scott,Howard Franklin,Lorraine Bracco
tt0094008,Someone to Watch Over Me,1987,106,Romance,Ridley Scott,Howard Franklin,Jerry Orbach
tt0094008,Someone to Watch Over Me,1987,106,Romance,Ridley Scott,Howard Franklin,Tom Berenger
tt0094008,Someone to Watch Over Me,1987,106,Romance,Ridley Scott,Howard Franklin,Mimi Rogers
tt0094008,Someone to Watch Over Me,1987,106,Romance,Ridley Scott,Howard Franklin,Lorraine Bracco
tt0108330,This Boy's Life,1993,115,Biography,Michael Caton-Jones,Robert Getchell,Leonardo DiCaprio
tt0108330,This Boy's Life,1993,115,Drama,Michael Caton-Jones,Robert Getchell,Leonardo DiCaprio
tt0108330,This Boy's Life,1993,115,Biography,Michael Caton-Jones,Tobias Wolff,Leonardo DiCaprio
tt0108330,This Boy's Life,1993,115,Drama,Michael Caton-Jones,Tobias Wolff,Leonardo DiCaprio
tt0083658,Blade Runner,1982,117,Action,Ridley Scott,David Webb Peoples,Rutger Hauer
tt0083658,Blade Runner,1982,117,Action,Ridley Scott,David Webb Peoples,Harrison Ford
tt0083658,Blade Runner,1982,117,Action,Ridley Scott,David Webb Peoples,Edward James Olmos
tt0083658,Blade Runner,1982,117,Action,Ridley Scott,David Webb Peoples,Sean Young
tt0083658,Blade Runner,1982,117,Sci-Fi,Ridley Scott,David Webb Peoples,Rutger Hauer
tt0083658,Blade Runner,1982,117,Sci-Fi,Ridley Scott,David Webb Peoples,Harrison Ford
tt0083658,Blade Runner,1982,117,Sci-Fi,Ridley Scott,David Webb Peoples,Edward James Olmos
tt0083658,Blade Runner,1982,117,Sci-Fi,Ridley Scott,David Webb Peoples,Sean Young
tt0083658,Blade Runner,1982,117,Thriller,Ridley Scott,David Webb Peoples,Rutger Hauer
tt0083658,Blade Runner,1982,117,Thriller,Ridley Scott,David Webb Peoples,Harrison Ford
tt0083658,Blade Runner,1982,117,Thriller,Ridley Scott,David Webb Peoples,Edward James Olmos
tt0083658,Blade Runner,1982,117,Thriller,Ridley Scott,David Webb Peoples,Sean Young
tt0083658,Blade Runner,1982,117,Action,Ridley Scott,Philip K. Dick,Rutger Hauer
tt0083658,Blade Runner,1982,117,Action,Ridley Scott,Philip K. Dick,Harrison Ford
tt0083658,Blade Runner,1982,117,Action,Ridley Scott,Philip K. Dick,Edward James Olmos
tt0083658,Blade Runner,1982,117,Action,Ridley Scott,Philip K. Dick,Sean Young
tt0083658,Blade Runner,1982,117,Sci-Fi,Ridley Scott,Philip K. Dick,Rutger Hauer
tt0083658,Blade Runner,1982,117,Sci-Fi,Ridley Scott,Philip K. Dick,Harrison Ford
tt0083658,Blade Runner,1982,117,Sci-Fi,Ridley Scott,Philip K. Dick,Edward James Olmos
tt0083658,Blade Runner,1982,117,Sci-Fi,Ridley Scott,Philip K. Dick,Sean Young
tt0083658,Blade Runner,1982,117,Thriller,Ridley Scott,Philip K. Dick,Rutger Hauer
tt0083658,Blade Runner,1982,117,Thriller,Ridley Scott,Philip K. Dick,Harrison Ford
tt0083658,Blade Runner,1982,117,Thriller,Ridley Scott,Philip K. Dick,Edward James Olmos
tt0083658,Blade Runner,1982,117,Thriller,Ridley Scott,Philip K. Dick,Sean Young
tt0083658,Blade Runner,1982,117,Action,Ridley Scott,Hampton Fancher,Rutger Hauer
tt0083658,Blade Runner,1982,117,Action,Ridley Scott,Hampton Fancher,Harrison Ford
tt0083658,Blade Runner,1982,117,Action,Ridley Scott,Hampton Fancher,Edward James Olmos
tt0083658,Blade Runner,1982,117,Action,Ridley Scott,Hampton Fancher,Sean Young
tt0083658,Blade Runner,1982,117,Sci-Fi,Ridley Scott,Hampton Fancher,Rutger Hauer
tt0083658,Blade Runner,1982,117,Sci-Fi,Ridley Scott,Hampton Fancher,Harrison Ford
tt0083658,Blade Runner,1982,117,Sci-Fi,Ridley Scott,Hampton Fancher,Edward James Olmos
tt0083658,Blade Runner,1982,117,Sci-Fi,Ridley Scott,Hampton Fancher,Sean Young
tt0083658,Blade Runner,1982,117,Thriller,Ridley Scott,Hampton Fancher,Rutger Hauer
tt0083658,Blade Runner,1982,117,Thriller,Ridley Scott,Hampton Fancher,Harrison Ford
tt0083658,Blade Runner,1982,117,Thriller,Ridley Scott,Hampton Fancher,Edward James Olmos
tt0083658,Blade Runner,1982,117,Thriller,Ridley Scott,Hampton Fancher,Sean Young
tt0955308,Robin Hood,2010,140,Action,Ridley Scott,Brian Helgeland,Max von Sydow
tt0955308,Robin Hood,2010,140,Action,Ridley Scott,Brian Helgeland,Russell Crowe
tt0955308,Robin Hood,2010,140,Action,Ridley Scott,Brian Helgeland,Cate Blanchett
tt0955308,Robin Hood,2010,140,Action,Ridley Scott,Brian Helgeland,Matthew Macfadyen
tt0955308,Robin Hood,2010,140,Adventure,Ridley Scott,Brian Helgeland,Max von Sydow
tt0955308,Robin Hood,2010,140,Adventure,Ridley Scott,Brian Helgeland,Russell Crowe
tt0955308,Robin Hood,2010,140,Adventure,Ridley Scott,Brian Helgeland,Cate Blanchett
tt0955308,Robin Hood,2010,140,Adventure,Ridley Scott,Brian Helgeland,Matthew Macfadyen
tt0955308,Robin Hood,2010,140,Drama,Ridley Scott,Brian Helgeland,Max von Sydow
tt0955308,Robin Hood,2010,140,Drama,Ridley Scott,Brian Helgeland,Russell Crowe
tt0955308,Robin Hood,2010,140,Drama,Ridley Scott,Brian Helgeland,Cate Blanchett
tt0955308,Robin Hood,2010,140,Drama,Ridley Scott,Brian Helgeland,Matthew Macfadyen
tt0955308,Robin Hood,2010,140,Action,Ridley Scott,Ethan Reiff,Max von Sydow
tt0955308,Robin Hood,2010,140,Action,Ridley Scott,Ethan Reiff,Russell Crowe
tt0955308,Robin Hood,2010,140,Action,Ridley Scott,Ethan Reiff,Cate Blanchett
tt0955308,Robin Hood,2010,140,Action,Ridley Scott,Ethan Reiff,Matthew Macfadyen
tt0955308,Robin Hood,2010,140,Adventure,Ridley Scott,Ethan Reiff,Max von Sydow
tt0955308,Robin Hood,2010,140,Adventure,Ridley Scott,Ethan Reiff,Russell Crowe
tt0955308,Robin Hood,2010,140,Adventure,Ridley Scott,Ethan Reiff,Cate Blanchett
tt0955308,Robin Hood,2010,140,Adventure,Ridley Scott,Ethan Reiff,Matthew Macfadyen
tt0955308,Robin Hood,2010,140,Drama,Ridley Scott,Ethan Reiff,Max von Sydow
tt0955308,Robin Hood,2010,140,Drama,Ridley Scott,Ethan Reiff,Russell Crowe
tt0955308,Robin Hood,2010,140,Drama,Ridley Scott,Ethan Reiff,Cate Blanchett
tt0955308,Robin Hood,2010,140,Drama,Ridley Scott,Ethan Reiff,Matthew Macfadyen
tt0955308,Robin Hood,2010,140,Action,Ridley Scott,Cyrus Voris,Max von Sydow
tt0955308,Robin Hood,2010,140,Action,Ridley Scott,Cyrus Voris,Russell Crowe
tt0955308,Robin Hood,2010,140,Action,Ridley Scott,Cyrus Voris,Cate Blanchett
tt0955308,Robin Hood,2010,140,Action,Ridley Scott,Cyrus Voris,Matthew Macfadyen
tt0955308,Robin Hood,2010,140,Adventure,Ridley Scott,Cyrus Voris,Max von Sydow
tt0955308,Robin Hood,2010,140,Adventure,Ridley Scott,Cyrus Voris,Russell Crowe
tt0955308,Robin Hood,2010,140,Adventure,Ridley Scott,Cyrus Voris,Cate Blanchett
tt0955308,Robin Hood,2010,140,Adventure,Ridley Scott,Cyrus Voris,Matthew Macfadyen
tt0955308,Robin Hood,2010,140,Drama,Ridley Scott,Cyrus Voris,Max von Sydow
tt0955308,Robin Hood,2010,140,Drama,Ridley Scott,Cyrus Voris,Russell Crowe
tt0955308,Robin Hood,2010,140,Drama,Ridley Scott,Cyrus Voris,Cate Blanchett
tt0955308,Robin Hood,2010,140,Drama,Ridley Scott,Cyrus Voris,Matthew Macfadyen
tt0217505,Gangs of New York,2002,167,Crime,Martin Scorsese,Steven Zaillian,Leonardo DiCaprio
tt0217505,Gangs of New York,2002,167,Drama,Martin Scorsese,Steven Zaillian,Leonardo DiCaprio
tt0217505,Gangs of New York,2002,167,Crime,Martin Scorsese,Jay Cocks,Leonardo DiCaprio
tt0217505,Gangs of New York,2002,167,Drama,Martin Scorsese,Jay Cocks,Leonardo DiCaprio
tt0217505,Gangs of New York,2002,167,Crime,Martin Scorsese,Kenneth Lonergan,Leonardo DiCaprio
tt0217505,Gangs of New York,2002,167,Drama,Martin Scorsese,Kenneth Lonergan,Leonardo DiCaprio
tt0765429,American Gangster,2007,157,Biography,Ridley Scott,Steven Zaillian,Denzel Washington
tt0765429,American Gangster,2007,157,Biography,Ridley Scott,Steven Zaillian,Josh Brolin
tt0765429,American Gangster,2007,157,Biography,Ridley Scott,Steven Zaillian,Russell Crowe
tt0765429,American Gangster,2007,157,Biography,Ridley Scott,Steven Zaillian,Chiwetel Ejiofor
tt0765429,American Gangster,2007,157,Crime,Ridley Scott,Steven Zaillian,Denzel Washington
tt0765429,American Gangster,2007,157,Crime,Ridley Scott,Steven Zaillian,Josh Brolin
tt0765429,American Gangster,2007,157,Crime,Ridley Scott,Steven Zaillian,Russell Crowe
tt0765429,American Gangster,2007,157,Crime,Ridley Scott,Steven Zaillian,Chiwetel Ejiofor
tt0765429,American Gangster,2007,157,Drama,Ridley Scott,Steven Zaillian,Denzel Washington
tt0765429,American Gangster,2007,157,Drama,Ridley Scott,Steven Zaillian,Josh Brolin
tt0765429,American Gangster,2007,157,Drama,Ridley Scott,Steven Zaillian,Russell Crowe
tt0765429,American Gangster,2007,157,Drama,Ridley Scott,Steven Zaillian,Chiwetel Ejiofor
tt0765429,American Gangster,2007,157,Biography,Ridley Scott,Mark Jacobson,Denzel Washington
tt0765429,American Gangster,2007,157,Biography,Ridley Scott,Mark Jacobson,Josh Brolin
tt0765429,American Gangster,2007,157,Biography,Ridley Scott,Mark Jacobson,Russell Crowe
tt0765429,American Gangster,2007,157,Biography,Ridley Scott,Mark Jacobson,Chiwetel Ejiofor
tt0765429,American Gangster,2007,157,Crime,Ridley Scott,Mark Jacobson,Denzel Washington
tt0765429,American Gangster,2007,157,Crime,Ridley Scott,Mark Jacobson,Josh Brolin
tt0765429,American Gangster,2007,157,Crime,Ridley Scott,Mark Jacobson,Russell Crowe
tt0765429,American Gangster,2007,157,Crime,Ridley Scott,Mark Jacobson,Chiwetel Ejiofor
tt0765429,American Gangster,2007,157,Drama,Ridley Scott,Mark Jacobson,Denzel Washington
tt0765429,American Gangster,2007,157,Drama,Ridley Scott,Mark Jacobson,Josh Brolin
tt0765429,American Gangster,2007,157,Drama,Ridley Scott,Mark Jacobson,Russell Crowe
tt0765429,American Gangster,2007,157,Drama,Ridley Scott,Mark Jacobson,Chiwetel Ejiofor
tt1528100,Exodus: Gods and Kings,2014,150,Action,Ridley Scott,Steven Zaillian,Ben Kingsley
tt1528100,Exodus: Gods and Kings,2014,150,Action,Ridley Scott,Steven Zaillian,Sigourney Weaver
tt1528100,Exodus: Gods and Kings,2014,150,Action,Ridley Scott,Steven Zaillian,Christian Bale
tt1528100,Exodus: Gods and Kings,2014,150,Action,Ridley Scott,Steven Zaillian,Joel Edgerton
tt1528100,Exodus: Gods and Kings,2014,150,Adventure,Ridley Scott,Steven Zaillian,Ben Kingsley
tt1528100,Exodus: Gods and Kings,2014,150,Adventure,Ridley Scott,Steven Zaillian,Sigourney Weaver
tt1528100,Exodus: Gods and Kings,2014,150,Adventure,Ridley Scott,Steven Zaillian,Christian Bale
tt1528100,Exodus: Gods and Kings,2014,150,Adventure,Ridley Scott,Steven Zaillian,Joel Edgerton
tt1528100,Exodus: Gods and Kings,2014,150,Drama,Ridley Scott,Steven Zaillian,Ben Kingsley
tt1528100,Exodus: Gods and Kings,2014,150,Drama,Ridley Scott,Steven Zaillian,Sigourney Weaver
tt1528100,Exodus: Gods and Kings,2014,150,Drama,Ridley Scott,Steven Zaillian,Christian Bale
tt1528100,Exodus: Gods and Kings,2014,150,Drama,Ridley Scott,Steven Zaillian,Joel Edgerton
tt1528100,Exodus: Gods and Kings,2014,150,Action,Ridley Scott,Jeffrey Caine,Ben Kingsley
tt1528100,Exodus: Gods and Kings,2014,150,Action,Ridley Scott,Jeffrey Caine,Sigourney Weaver
tt1528100,Exodus: Gods and Kings,2014,150,Action,Ridley Scott,Jeffrey Caine,Christian Bale
tt1528100,Exodus: Gods and Kings,2014,150,Action,Ridley Scott,Jeffrey Caine,Joel Edgerton
tt1528100,Exodus: Gods and Kings,2014,150,Adventure,Ridley Scott,Jeffrey Caine,Ben Kingsley
tt1528100,Exodus: Gods and Kings,2014,150,Adventure,Ridley Scott,Jeffrey Caine,Sigourney Weaver
tt1528100,Exodus: Gods and Kings,2014,150,Adventure,Ridley Scott,Jeffrey Caine,Christian Bale
tt1528100,Exodus: Gods and Kings,2014,150,Adventure,Ridley Scott,Jeffrey Caine,Joel Edgerton
tt1528100,Exodus: Gods and Kings,2014,150,Drama,Ridley Scott,Jeffrey Caine,Ben Kingsley
tt1528100,Exodus: Gods and Kings,2014,150,Drama,Ridley Scott,Jeffrey Caine,Sigourney Weaver
tt1528100,Exodus: Gods and Kings,2014,150,Drama,Ridley Scott,Jeffrey Caine,Christian Bale
tt1528100,Exodus: Gods and Kings,2014,150,Drama,Ridley Scott,Jeffrey Caine,Joel Edgerton
tt1528100,Exodus: Gods and Kings,2014,150,Action,Ridley Scott,Adam Cooper,Ben Kingsley
tt1528100,Exodus: Gods and Kings,2014,150,Action,Ridley Scott,Adam Cooper,Sigourney Weaver
tt1528100,Exodus: Gods and Kings,2014,150,Action,Ridley Scott,Adam Cooper,Christian Bale
tt1528100,Exodus: Gods and Kings,2014,150,Action,Ridley Scott,Adam Cooper,Joel Edgerton
tt1528100,Exodus: Gods and Kings,2014,150,Adventure,Ridley Scott,Adam Cooper,Ben Kingsley
tt1528100,Exodus: Gods and Kings,2014,150,Adventure,Ridley Scott,Adam Cooper,Sigourney Weaver
tt1528100,Exodus: Gods and Kings,2014,150,Adventure,Ridley Scott,Adam Cooper,Christian Bale
tt1528100,Exodus: Gods and Kings,2014,150,Adventure,Ridley Scott,Adam Cooper,Joel Edgerton
tt1528100,Exodus: Gods and Kings,2014,150,Drama,Ridley Scott,Adam Cooper,Ben Kingsley
tt1528100,Exodus: Gods and Kings,2014,150,Drama,Ridley Scott,Adam Cooper,Sigourney Weaver
tt1528100,Exodus: Gods and Kings,2014,150,Drama,Ridley Scott,Adam Cooper,Christian Bale
tt1528100,Exodus: Gods and Kings,2014,150,Drama,Ridley Scott,Adam Cooper,Joel Edgerton
tt1528100,Exodus: Gods and Kings,2014,150,Action,Ridley Scott,Bill Collage,Ben Kingsley
tt1528100,Exodus: Gods and Kings,2014,150,Action,Ridley Scott,Bill Collage,Sigourney Weaver
tt1528100,Exodus: Gods and Kings,2014,150,Action,Ridley Scott,Bill Collage,Christian Bale
tt1528100,Exodus: Gods and Kings,2014,150,Action,Ridley Scott,Bill Collage,Joel Edgerton
tt1528100,Exodus: Gods and Kings,2014,150,Adventure,Ridley Scott,Bill Collage,Ben Kingsley
tt1528100,Exodus: Gods and Kings,2014,150,Adventure,Ridley Scott,Bill Collage,Sigourney Weaver
tt1528100,Exodus: Gods and Kings,2014,150,Adventure,Ridley Scott,Bill Collage,Christian Bale
tt1528100,Exodus: Gods and Kings,2014,150,Adventure,Ridley Scott,Bill Collage,Joel Edgerton
tt1528100,Exodus: Gods and Kings,2014,150,Drama,Ridley Scott,Bill Collage,Ben Kingsley
tt1528100,Exodus: Gods and Kings,2014,150,Drama,Ridley Scott,Bill Collage,Sigourney Weaver
tt1528100,Exodus: Gods and Kings,2014,150,Drama,Ridley Scott,Bill Collage,Christian Bale
tt1528100,Exodus: Gods and Kings,2014,150,Drama,Ridley Scott,Bill Collage,Joel Edgerton
tt1433813,Hubble 3D,2010,45,Documentary,Toni Myers,Graeme Ferguson,Leonardo DiCaprio
tt1433813,Hubble 3D,2010,45,Documentary,Toni Myers,Toni Myers,Leonardo DiCaprio
tt1433813,Hubble 3D,2010,45,Documentary,Toni Myers,Frank Summers,Leonardo DiCaprio
tt0114702,Total Eclipse,1995,111,Biography,Agnieszka Holland,Christopher Hampton,Leonardo DiCaprio
tt0114702,Total Eclipse,1995,111,Drama,Agnieszka Holland,Christopher Hampton,Leonardo DiCaprio
tt0114702,Total Eclipse,1995,111,Romance,Agnieszka Holland,Christopher Hampton,Leonardo DiCaprio
tt0172495,Gladiator,2000,155,Action,Ridley Scott,David Franzoni,Oliver Reed
tt0172495,Gladiator,2000,155,Action,Ridley Scott,David Franzoni,Joaquin Phoenix
tt0172495,Gladiator,2000,155,Action,Ridley Scott,David Franzoni,Russell Crowe
tt0172495,Gladiator,2000,155,Action,Ridley Scott,David Franzoni,Connie Nielsen
tt0172495,Gladiator,2000,155,Adventure,Ridley Scott,David Franzoni,Oliver Reed
tt0172495,Gladiator,2000,155,Adventure,Ridley Scott,David Franzoni,Joaquin Phoenix
tt0172495,Gladiator,2000,155,Adventure,Ridley Scott,David Franzoni,Russell Crowe
tt0172495,Gladiator,2000,155,Adventure,Ridley Scott,David Franzoni,Connie Nielsen
tt0172495,Gladiator,2000,155,Drama,Ridley Scott,David Franzoni,Oliver Reed
tt0172495,Gladiator,2000,155,Drama,Ridley Scott,David Franzoni,Joaquin Phoenix
tt0172495,Gladiator,2000,155,Drama,Ridley Scott,David Franzoni,Russell Crowe
tt0172495,Gladiator,2000,155,Drama,Ridley Scott,David Franzoni,Connie Nielsen
tt0172495,Gladiator,2000,155,Action,Ridley Scott,John Logan,Oliver Reed
tt0172495,Gladiator,2000,155,Action,Ridley Scott,John Logan,Joaquin Phoenix
tt0172495,Gladiator,2000,155,Action,Ridley Scott,John Logan,Russell Crowe
tt0172495,Gladiator,2000,155,Action,Ridley Scott,John Logan,Connie Nielsen
tt0172495,Gladiator,2000,155,Adventure,Ridley Scott,John Logan,Oliver Reed
tt0172495,Gladiator,2000,155,Adventure,Ridley Scott,John Logan,Joaquin Phoenix
tt0172495,Gladiator,2000,155,Adventure,Ridley Scott,John Logan,Russell Crowe
tt0172495,Gladiator,2000,155,Adventure,Ridley Scott,John Logan,Connie Nielsen
tt0172495,Gladiator,2000,155,Drama,Ridley Scott,John Logan,Oliver Reed
tt0172495,Gladiator,2000,155,Drama,Ridley Scott,John Logan,Joaquin Phoenix
tt0172495,Gladiator,2000,155,Drama,Ridley Scott,John Logan,Russell Crowe
tt0172495,Gladiator,2000,155,Drama,Ridley Scott,John Logan,Connie Nielsen
tt0172495,Gladiator,2000,155,Action,Ridley Scott,William Nicholson,Oliver Reed
tt0172495,Gladiator,2000,155,Action,Ridley Scott,William Nicholson,Joaquin Phoenix
tt0172495,Gladiator,2000,155,Action,Ridley Scott,William Nicholson,Russell Crowe
tt0172495,Gladiator,2000,155,Action,Ridley Scott,William Nicholson,Connie Nielsen
tt0172495,Gladiator,2000,155,Adventure,Ridley Scott,William Nicholson,Oliver Reed
tt0172495,Gladiator,2000,155,Adventure,Ridley Scott,William Nicholson,Joaquin Phoenix
tt0172495,Gladiator,2000,155,Adventure,Ridley Scott,William Nicholson,Russell Crowe
tt0172495,Gladiator,2000,155,Adventure,Ridley Scott,William Nicholson,Connie Nielsen
tt0172495,Gladiator,2000,155,Drama,Ridley Scott,William Nicholson,Oliver Reed
tt0172495,Gladiator,2000,155,Drama,Ridley Scott,William Nicholson,Joaquin Phoenix
tt0172495,Gladiator,2000,155,Drama,Ridley Scott,William Nicholson,Russell Crowe
tt0172495,Gladiator,2000,155,Drama,Ridley Scott,William Nicholson,Connie Nielsen
tt0264464,Catch Me If You Can,2002,141,Biography,Steven Spielberg,Jeff Nathanson,Leonardo DiCaprio
tt0264464,Catch Me If You Can,2002,141,Crime,Steven Spielberg,Jeff Nathanson,Leonardo DiCaprio
tt0264464,Catch Me If You Can,2002,141,Drama,Steven Spielberg,Jeff Nathanson,Leonardo DiCaprio
tt0264464,Catch Me If You Can,2002,141,Biography,Steven Spielberg,Frank Abagnale Jr.,Leonardo DiCaprio
tt0264464,Catch Me If You Can,2002,141,Crime,Steven Spielberg,Frank Abagnale Jr.,Leonardo DiCaprio
tt0264464,Catch Me If You Can,2002,141,Drama,Steven Spielberg,Frank Abagnale Jr.,Leonardo DiCaprio
tt0264464,Catch Me If You Can,2002,141,Biography,Steven Spielberg,Stan Redding,Leonardo DiCaprio
tt0264464,Catch Me If You Can,2002,141,Crime,Steven Spielberg,Stan Redding,Leonardo DiCaprio
tt0264464,Catch Me If You Can,2002,141,Drama,Steven Spielberg,Stan Redding,Leonardo DiCaprio
tt0411098,All the Invisible Children,2005,124,Drama,Ridley Scott,Diego De Silva,Adama Bila
tt0411098,All the Invisible Children,2005,124,Drama,Ridley Scott,Diego De Silva,Elysée Rouamba
tt0411098,All the Invisible Children,2005,124,Drama,Ridley Scott,Diego De Silva,Rodrigue Ouattara
tt0411098,All the Invisible Children,2005,124,Drama,Ridley Scott,Diego De Silva,Uros Milovanovic
tt0411098,All the Invisible Children,2005,124,Drama,Ridley Scott,Mehdi Charef,Adama Bila
tt0411098,All the Invisible Children,2005,124,Drama,Ridley Scott,Mehdi Charef,Elysée Rouamba
tt0411098,All the Invisible Children,2005,124,Drama,Ridley Scott,Mehdi Charef,Rodrigue Ouattara
tt0411098,All the Invisible Children,2005,124,Drama,Ridley Scott,Mehdi Charef,Uros Milovanovic
tt0411098,All the Invisible Children,2005,124,Drama,Ridley Scott,Stribor Kusturica,Adama Bila
tt0411098,All the Invisible Children,2005,124,Drama,Ridley Scott,Stribor Kusturica,Elysée Rouamba
tt0411098,All the Invisible Children,2005,124,Drama,Ridley Scott,Stribor Kusturica,Rodrigue Ouattara
tt0411098,All the Invisible Children,2005,124,Drama,Ridley Scott,Stribor Kusturica,Uros Milovanovic
tt0411098,All the Invisible Children,2005,124,Drama,Ridley Scott,Cinqué Lee,Adama Bila
tt0411098,All the Invisible Children,2005,124,Drama,Ridley Scott,Cinqué Lee,Elysée Rouamba
tt0411098,All the Invisible Children,2005,124,Drama,Ridley Scott,Cinqué Lee,Rodrigue Ouattara
tt0411098,All the Invisible Children,2005,124,Drama,Ridley Scott,Cinqué Lee,Uros Milovanovic
tt0411098,All the Invisible Children,2005,124,Drama,Ridley Scott,Joie Lee,Adama Bila
tt0411098,All the Invisible Children,2005,124,Drama,Ridley Scott,Joie Lee,Elysée Rouamba
tt0411098,All the Invisible Children,2005,124,Drama,Ridley Scott,Joie Lee,Rodrigue Ouattara
tt0411098,All the Invisible Children,2005,124,Drama,Ridley Scott,Joie Lee,Uros Milovanovic
tt0411098,All the Invisible Children,2005,124,Drama,Ridley Scott,Qiang Li,Adama Bila
tt0411098,All the Invisible Children,2005,124,Drama,Ridley Scott,Qiang Li,Elysée Rouamba
tt0411098,All the Invisible Children,2005,124,Drama,Ridley Scott,Qiang Li,Rodrigue Ouattara
tt0411098,All the Invisible Children,2005,124,Drama,Ridley Scott,Qiang Li,Uros Milovanovic
tt0411098,All the Invisible Children,2005,124,Drama,Ridley Scott,Kátia Lund,Adama Bila
tt0411098,All the Invisible Children,2005,124,Drama,Ridley Scott,Kátia Lund,Elysée Rouamba
tt0411098,All the Invisible Children,2005,124,Drama,Ridley Scott,Kátia Lund,Rodrigue Ouattara
tt0411098,All the Invisible Children,2005,124,Drama,Ridley Scott,Kátia Lund,Uros Milovanovic
tt0411098,All the Invisible Children,2005,124,Drama,Ridley Scott,Jordan Scott,Adama Bila
tt0411098,All the Invisible Children,2005,124,Drama,Ridley Scott,Jordan Scott,Elysée Rouamba
tt0411098,All the Invisible Children,2005,124,Drama,Ridley Scott,Jordan Scott,Rodrigue Ouattara
tt0411098,All the Invisible Children,2005,124,Drama,Ridley Scott,Jordan Scott,Uros Milovanovic
tt0411098,All the Invisible Children,2005,124,Drama,Ridley Scott,Eduardo Tripa,Adama Bila
tt0411098,All the Invisible Children,2005,124,Drama,Ridley Scott,Eduardo Tripa,Elysée Rouamba
tt0411098,All the Invisible Children,2005,124,Drama,Ridley Scott,Eduardo Tripa,Rodrigue Ouattara
tt0411098,All the Invisible Children,2005,124,Drama,Ridley Scott,Eduardo Tripa,Uros Milovanovic
tt0411098,All the Invisible Children,2005,124,Drama,Ridley Scott,Stefano Veneruso,Adama Bila
tt0411098,All the Invisible Children,2005,124,Drama,Ridley Scott,Stefano Veneruso,Elysée Rouamba
tt0411098,All the Invisible Children,2005,124,Drama,Ridley Scott,Stefano Veneruso,Rodrigue Ouattara
tt0411098,All the Invisible Children,2005,124,Drama,Ridley Scott,Stefano Veneruso,Uros Milovanovic
tt0338751,The Aviator,2004,170,Biography,Martin Scorsese,John Logan,Leonardo DiCaprio
tt0338751,The Aviator,2004,170,Drama,Martin Scorsese,John Logan,Leonardo DiCaprio
tt0407887,The Departed,2006,151,Crime,Martin Scorsese,William Monahan,Leonardo DiCaprio
tt0407887,The Departed,2006,151,Drama,Martin Scorsese,William Monahan,Leonardo DiCaprio
tt0407887,The Departed,2006,151,Thriller,Martin Scorsese,William Monahan,Leonardo DiCaprio
tt0407887,The Departed,2006,151,Crime,Martin Scorsese,Alan Mak,Leonardo DiCaprio
tt0407887,The Departed,2006,151,Drama,Martin Scorsese,Alan Mak,Leonardo DiCaprio
tt0407887,The Departed,2006,151,Thriller,Martin Scorsese,Alan Mak,Leonardo DiCaprio
tt0407887,The Departed,2006,151,Crime,Martin Scorsese,Felix Chong,Leonardo DiCaprio
tt0407887,The Departed,2006,151,Drama,Martin Scorsese,Felix Chong,Leonardo DiCaprio
tt0407887,The Departed,2006,151,Thriller,Martin Scorsese,Felix Chong,Leonardo DiCaprio
tt0320661,Kingdom of Heaven,2005,144,Action,Ridley Scott,William Monahan,Liam Neeson
tt0320661,Kingdom of Heaven,2005,144,Action,Ridley Scott,William Monahan,Orlando Bloom
tt0320661,Kingdom of Heaven,2005,144,Action,Ridley Scott,William Monahan,Eva Green
tt0320661,Kingdom of Heaven,2005,144,Action,Ridley Scott,William Monahan,Martin Hancock
tt0320661,Kingdom of Heaven,2005,144,Adventure,Ridley Scott,William Monahan,Liam Neeson
tt0320661,Kingdom of Heaven,2005,144,Adventure,Ridley Scott,William Monahan,Orlando Bloom
tt0320661,Kingdom of Heaven,2005,144,Adventure,Ridley Scott,William Monahan,Eva Green
tt0320661,Kingdom of Heaven,2005,144,Adventure,Ridley Scott,William Monahan,Martin Hancock
tt0320661,Kingdom of Heaven,2005,144,Drama,Ridley Scott,William Monahan,Liam Neeson
tt0320661,Kingdom of Heaven,2005,144,Drama,Ridley Scott,William Monahan,Orlando Bloom
tt0320661,Kingdom of Heaven,2005,144,Drama,Ridley Scott,William Monahan,Eva Green
tt0320661,Kingdom of Heaven,2005,144,Drama,Ridley Scott,William Monahan,Martin Hancock
tt0758774,Body of Lies,2008,128,Action,Ridley Scott,William Monahan,Leonardo DiCaprio
tt0758774,Body of Lies,2008,128,Action,Ridley Scott,William Monahan,Russell Crowe
tt0758774,Body of Lies,2008,128,Action,Ridley Scott,William Monahan,Mark Strong
tt0758774,Body of Lies,2008,128,Action,Ridley Scott,William Monahan,Golshifteh Farahani
tt0758774,Body of Lies,2008,128,Drama,Ridley Scott,William Monahan,Leonardo DiCaprio
tt0758774,Body of Lies,2008,128,Drama,Ridley Scott,William Monahan,Russell Crowe
tt0758774,Body of Lies,2008,128,Drama,Ridley Scott,William Monahan,Mark Strong
tt0758774,Body of Lies,2008,128,Drama,Ridley Scott,William Monahan,Golshifteh Farahani
tt0758774,Body of Lies,2008,128,Thriller,Ridley Scott,William Monahan,Leonardo DiCaprio
tt0758774,Body of Lies,2008,128,Thriller,Ridley Scott,William Monahan,Russell Crowe
tt0758774,Body of Lies,2008,128,Thriller,Ridley Scott,William Monahan,Mark Strong
tt0758774,Body of Lies,2008,128,Thriller,Ridley Scott,William Monahan,Golshifteh Farahani
tt0758774,Body of Lies,2008,128,Action,Ridley Scott,David Ignatius,Leonardo DiCaprio
tt0758774,Body of Lies,2008,128,Action,Ridley Scott,David Ignatius,Russell Crowe
tt0758774,Body of Lies,2008,128,Action,Ridley Scott,David Ignatius,Mark Strong
tt0758774,Body of Lies,2008,128,Action,Ridley Scott,David Ignatius,Golshifteh Farahani
tt0758774,Body of Lies,2008,128,Drama,Ridley Scott,David Ignatius,Leonardo DiCaprio
tt0758774,Body of Lies,2008,128,Drama,Ridley Scott,David Ignatius,Russell Crowe
tt0758774,Body of Lies,2008,128,Drama,Ridley Scott,David Ignatius,Mark Strong
tt0758774,Body of Lies,2008,128,Drama,Ridley Scott,David Ignatius,Golshifteh Farahani
tt0758774,Body of Lies,2008,128,Thriller,Ridley Scott,David Ignatius,Leonardo DiCaprio
tt0758774,Body of Lies,2008,128,Thriller,Ridley Scott,David Ignatius,Russell Crowe
tt0758774,Body of Lies,2008,128,Thriller,Ridley Scott,David Ignatius,Mark Strong
tt0758774,Body of Lies,2008,128,Thriller,Ridley Scott,David Ignatius,Golshifteh Farahani
tt0993846,The Wolf of Wall Street,2013,180,Biography,Martin Scorsese,Terence Winter,Leonardo DiCaprio
tt0993846,The Wolf of Wall Street,2013,180,Crime,Martin Scorsese,Terence Winter,Leonardo DiCaprio
tt0993846,The Wolf of Wall Street,2013,180,Drama,Martin Scorsese,Terence Winter,Leonardo DiCaprio
tt0993846,The Wolf of Wall Street,2013,180,Biography,Martin Scorsese,Jordan Belfort,Leonardo DiCaprio
tt0993846,The Wolf of Wall Street,2013,180,Crime,Martin Scorsese,Jordan Belfort,Leonardo DiCaprio
tt0993846,The Wolf of Wall Street,2013,180,Drama,Martin Scorsese,Jordan Belfort,Leonardo DiCaprio
tt1130884,Shutter Island,2010,138,Mystery,Martin Scorsese,Laeta Kalogridis,Leonardo DiCaprio
tt1130884,Shutter Island,2010,138,Thriller,Martin Scorsese,Laeta Kalogridis,Leonardo DiCaprio
tt1130884,Shutter Island,2010,138,Mystery,Martin Scorsese,Dennis Lehane,Leonardo DiCaprio
tt1130884,Shutter Island,2010,138,Thriller,Martin Scorsese,Dennis Lehane,Leonardo DiCaprio
tt1853728,Django Unchained,2012,165,Drama,Quentin Tarantino,Quentin Tarantino,Leonardo DiCaprio
tt1853728,Django Unchained,2012,165,Western,Quentin Tarantino,Quentin Tarantino,Leonardo DiCaprio
tt7131622,Once Upon a Time... in Hollywood,2019,161,Comedy,Quentin Tarantino,Quentin Tarantino,Leonardo DiCaprio
tt7131622,Once Upon a Time... in Hollywood,2019,161,Drama,Quentin Tarantino,Quentin Tarantino,Leonardo DiCaprio
tt0120338,Titanic,1997,194,Drama,James Cameron,James Cameron,Leonardo DiCaprio
tt0120338,Titanic,1997,194,Romance,James Cameron,James Cameron,Leonardo DiCaprio
tt0089469,Legend,1985,94,Adventure,Ridley Scott,William Hjortsberg,Tim Curry
tt0089469,Legend,1985,94,Adventure,Ridley Scott,William Hjortsberg,David Bennent
tt0089469,Legend,1985,94,Adventure,Ridley Scott,William Hjortsberg,Tom Cruise
tt0089469,Legend,1985,94,Adventure,Ridley Scott,William Hjortsberg,Mia Sara
tt0089469,Legend,1985,94,Fantasy,Ridley Scott,William Hjortsberg,Tim Curry
tt0089469,Legend,1985,94,Fantasy,Ridley Scott,William Hjortsberg,David Bennent
tt0089469,Legend,1985,94,Fantasy,Ridley Scott,William Hjortsberg,Tom Cruise
tt0089469,Legend,1985,94,Fantasy,Ridley Scott,William Hjortsberg,Mia Sara
tt0089469,Legend,1985,94,Romance,Ridley Scott,William Hjortsberg,Tim Curry
tt0089469,Legend,1985,94,Romance,Ridley Scott,William Hjortsberg,David Bennent
tt0089469,Legend,1985,94,Romance,Ridley Scott,William Hjortsberg,Tom Cruise
tt0089469,Legend,1985,94,Romance,Ridley Scott,William Hjortsberg,Mia Sara
tt1616195,J. Edgar,2011,137,Biography,Clint Eastwood,Dustin Lance Black,Leonardo DiCaprio
tt1616195,J. Edgar,2011,137,Drama,Clint Eastwood,Dustin Lance Black,Leonardo DiCaprio
tt1616195,J. Edgar,2011,137,Romance,Clint Eastwood,Dustin Lance Black,Leonardo DiCaprio
tt0163978,The Beach,2000,119,Adventure,Danny Boyle,John Hodge,Leonardo DiCaprio
tt0163978,The Beach,2000,119,Drama,Danny Boyle,John Hodge,Leonardo DiCaprio
tt0163978,The Beach,2000,119,Romance,Danny Boyle,John Hodge,Leonardo DiCaprio
tt0163978,The Beach,2000,119,Adventure,Danny Boyle,Alex Garland,Leonardo DiCaprio
tt0163978,The Beach,2000,119,Drama,Danny Boyle,Alex Garland,Leonardo DiCaprio
tt0163978,The Beach,2000,119,Romance,Danny Boyle,Alex Garland,Leonardo DiCaprio
tt0450259,Blood Diamond,2006,143,Adventure,Edward Zwick,Charles Leavitt,Leonardo DiCaprio
tt0450259,Blood Diamond,2006,143,Drama,Edward Zwick,Charles Leavitt,Leonardo DiCaprio
tt0450259,Blood Diamond,2006,143,Thriller,Edward Zwick,Charles Leavitt,Leonardo DiCaprio
tt0450259,Blood Diamond,2006,143,Adventure,Edward Zwick,C. Gaby Mitchell,Leonardo DiCaprio
tt0450259,Blood Diamond,2006,143,Drama,Edward Zwick,C. Gaby Mitchell,Leonardo DiCaprio
tt0450259,Blood Diamond,2006,143,Thriller,Edward Zwick,C. Gaby Mitchell,Leonardo DiCaprio
tt0108550,What's Eating Gilbert Grape,1993,118,Drama,Lasse Hallström,Peter Hedges,Leonardo DiCaprio
tt0103074,Thelma & Louise,1991,130,Adventure,Ridley Scott,Callie Khouri,Harvey Keitel
tt0103074,Thelma & Louise,1991,130,Adventure,Ridley Scott,Callie Khouri,Susan Sarandon
tt0103074,Thelma & Louise,1991,130,Adventure,Ridley Scott,Callie Khouri,Geena Davis
tt0103074,Thelma & Louise,1991,130,Adventure,Ridley Scott,Callie Khouri,Michael Madsen
tt0103074,Thelma & Louise,1991,130,Crime,Ridley Scott,Callie Khouri,Harvey Keitel
tt0103074,Thelma & Louise,1991,130,Crime,Ridley Scott,Callie Khouri,Susan Sarandon
tt0103074,Thelma & Louise,1991,130,Crime,Ridley Scott,Callie Khouri,Geena Davis
tt0103074,Thelma & Louise,1991,130,Crime,Ridley Scott,Callie Khouri,Michael Madsen
tt0103074,Thelma & Louise,1991,130,Drama,Ridley Scott,Callie Khouri,Harvey Keitel
tt0103074,Thelma & Louise,1991,130,Drama,Ridley Scott,Callie Khouri,Susan Sarandon
tt0103074,Thelma & Louise,1991,130,Drama,Ridley Scott,Callie Khouri,Geena Davis
tt0103074,Thelma & Louise,1991,130,Drama,Ridley Scott,Callie Khouri,Michael Madsen
tt0103594,1492: Conquest of Paradise,1992,154,Adventure,Ridley Scott,Rose Bosch,Gérard Depardieu
tt0103594,1492: Conquest of Paradise,1992,154,Adventure,Ridley Scott,Rose Bosch,Armand Assante
tt0103594,1492: Conquest of Paradise,1992,154,Adventure,Ridley Scott,Rose Bosch,Sigourney Weaver
tt0103594,1492: Conquest of Paradise,1992,154,Adventure,Ridley Scott,Rose Bosch,Loren Dean
tt0103594,1492: Conquest of Paradise,1992,154,Biography,Ridley Scott,Rose Bosch,Gérard Depardieu
tt0103594,1492: Conquest of Paradise,1992,154,Biography,Ridley Scott,Rose Bosch,Armand Assante
tt0103594,1492: Conquest of Paradise,1992,154,Biography,Ridley Scott,Rose Bosch,Sigourney Weaver
tt0103594,1492: Conquest of Paradise,1992,154,Biography,Ridley Scott,Rose Bosch,Loren Dean
tt0103594,1492: Conquest of Paradise,1992,154,Drama,Ridley Scott,Rose Bosch,Gérard Depardieu
tt0103594,1492: Conquest of Paradise,1992,154,Drama,Ridley Scott,Rose Bosch,Armand Assante
tt0103594,1492: Conquest of Paradise,1992,154,Drama,Ridley Scott,Rose Bosch,Sigourney Weaver
tt0103594,1492: Conquest of Paradise,1992,154,Drama,Ridley Scott,Rose Bosch,Loren Dean
tt0118158,White Squall,1996,129,Adventure,Ridley Scott,Charles Gieg Jr.,Jeff Bridges
tt0118158,White Squall,1996,129,Adventure,Ridley Scott,Charles Gieg Jr.,John Savage
tt0118158,White Squall,1996,129,Adventure,Ridley Scott,Charles Gieg Jr.,Caroline Goodall
tt0118158,White Squall,1996,129,Adventure,Ridley Scott,Charles Gieg Jr.,Scott Wolf
tt0118158,White Squall,1996,129,Drama,Ridley Scott,Charles Gieg Jr.,Jeff Bridges
tt0118158,White Squall,1996,129,Drama,Ridley Scott,Charles Gieg Jr.,John Savage
tt0118158,White Squall,1996,129,Drama,Ridley Scott,Charles Gieg Jr.,Caroline Goodall
tt0118158,White Squall,1996,129,Drama,Ridley Scott,Charles Gieg Jr.,Scott Wolf
tt0118158,White Squall,1996,129,Adventure,Ridley Scott,Felix Sutton,Jeff Bridges
tt0118158,White Squall,1996,129,Adventure,Ridley Scott,Felix Sutton,John Savage
tt0118158,White Squall,1996,129,Adventure,Ridley Scott,Felix Sutton,Caroline Goodall
tt0118158,White Squall,1996,129,Adventure,Ridley Scott,Felix Sutton,Scott Wolf
tt0118158,White Squall,1996,129,Drama,Ridley Scott,Felix Sutton,Jeff Bridges
tt0118158,White Squall,1996,129,Drama,Ridley Scott,Felix Sutton,John Savage
tt0118158,White Squall,1996,129,Drama,Ridley Scott,Felix Sutton,Caroline Goodall
tt0118158,White Squall,1996,129,Drama,Ridley Scott,Felix Sutton,Scott Wolf
tt0118158,White Squall,1996,129,Adventure,Ridley Scott,Todd Robinson,Jeff Bridges
tt0118158,White Squall,1996,129,Adventure,Ridley Scott,Todd Robinson,John Savage
tt0118158,White Squall,1996,129,Adventure,Ridley Scott,Todd Robinson,Caroline Goodall
tt0118158,White Squall,1996,129,Adventure,Ridley Scott,Todd Robinson,Scott Wolf
tt0118158,White Squall,1996,129,Drama,Ridley Scott,Todd Robinson,Jeff Bridges
tt0118158,White Squall,1996,129,Drama,Ridley Scott,Todd Robinson,John Savage
tt0118158,White Squall,1996,129,Drama,Ridley Scott,Todd Robinson,Caroline Goodall
tt0118158,White Squall,1996,129,Drama,Ridley Scott,Todd Robinson,Scott Wolf
tt0119173,G.I. Jane,1997,125,Action,Ridley Scott,Danielle Alexandra,Anne Bancroft
tt0119173,G.I. Jane,1997,125,Action,Ridley Scott,Danielle Alexandra,Demi Moore
tt0119173,G.I. Jane,1997,125,Action,Ridley Scott,Danielle Alexandra,Viggo Mortensen
tt0119173,G.I. Jane,1997,125,Action,Ridley Scott,Danielle Alexandra,Jason Beghe
tt0119173,G.I. Jane,1997,125,Drama,Ridley Scott,Danielle Alexandra,Anne Bancroft
tt0119173,G.I. Jane,1997,125,Drama,Ridley Scott,Danielle Alexandra,Demi Moore
tt0119173,G.I. Jane,1997,125,Drama,Ridley Scott,Danielle Alexandra,Viggo Mortensen
tt0119173,G.I. Jane,1997,125,Drama,Ridley Scott,Danielle Alexandra,Jason Beghe
tt0119173,G.I. Jane,1997,125,War,Ridley Scott,Danielle Alexandra,Anne Bancroft
tt0119173,G.I. Jane,1997,125,War,Ridley Scott,Danielle Alexandra,Demi Moore
tt0119173,G.I. Jane,1997,125,War,Ridley Scott,Danielle Alexandra,Viggo Mortensen
tt0119173,G.I. Jane,1997,125,War,Ridley Scott,Danielle Alexandra,Jason Beghe
tt0119173,G.I. Jane,1997,125,Action,Ridley Scott,David Twohy,Anne Bancroft
tt0119173,G.I. Jane,1997,125,Action,Ridley Scott,David Twohy,Demi Moore
tt0119173,G.I. Jane,1997,125,Action,Ridley Scott,David Twohy,Viggo Mortensen
tt0119173,G.I. Jane,1997,125,Action,Ridley Scott,David Twohy,Jason Beghe
tt0119173,G.I. Jane,1997,125,Drama,Ridley Scott,David Twohy,Anne Bancroft
tt0119173,G.I. Jane,1997,125,Drama,Ridley Scott,David Twohy,Demi Moore
tt0119173,G.I. Jane,1997,125,Drama,Ridley Scott,David Twohy,Viggo Mortensen
tt0119173,G.I. Jane,1997,125,Drama,Ridley Scott,David Twohy,Jason Beghe
tt0119173,G.I. Jane,1997,125,War,Ridley Scott,David Twohy,Anne Bancroft
tt0119173,G.I. Jane,1997,125,War,Ridley Scott,David Twohy,Demi Moore
tt0119173,G.I. Jane,1997,125,War,Ridley Scott,David Twohy,Viggo Mortensen
tt0119173,G.I. Jane,1997,125,War,Ridley Scott,David Twohy,Jason Beghe
tt0265086,Black Hawk Down,2001,144,Drama,Ridley Scott,Mark Bowden,Tom Sizemore
tt0265086,Black Hawk Down,2001,144,Drama,Ridley Scott,Mark Bowden,Eric Bana
tt0265086,Black Hawk Down,2001,144,Drama,Ridley Scott,Mark Bowden,Ewan McGregor
tt0265086,Black Hawk Down,2001,144,Drama,Ridley Scott,Mark Bowden,Josh Hartnett
tt0265086,Black Hawk Down,2001,144,History,Ridley Scott,Mark Bowden,Tom Sizemore
tt0265086,Black Hawk Down,2001,144,History,Ridley Scott,Mark Bowden,Eric Bana
tt0265086,Black Hawk Down,2001,144,History,Ridley Scott,Mark Bowden,Ewan McGregor
tt0265086,Black Hawk Down,2001,144,History,Ridley Scott,Mark Bowden,Josh Hartnett
tt0265086,Black Hawk Down,2001,144,War,Ridley Scott,Mark Bowden,Tom Sizemore
tt0265086,Black Hawk Down,2001,144,War,Ridley Scott,Mark Bowden,Eric Bana
tt0265086,Black Hawk Down,2001,144,War,Ridley Scott,Mark Bowden,Ewan McGregor
tt0265086,Black Hawk Down,2001,144,War,Ridley Scott,Mark Bowden,Josh Hartnett
tt0265086,Black Hawk Down,2001,144,Drama,Ridley Scott,Ken Nolan,Tom Sizemore
tt0265086,Black Hawk Down,2001,144,Drama,Ridley Scott,Ken Nolan,Eric Bana
tt0265086,Black Hawk Down,2001,144,Drama,Ridley Scott,Ken Nolan,Ewan McGregor
tt0265086,Black Hawk Down,2001,144,Drama,Ridley Scott,Ken Nolan,Josh Hartnett
tt0265086,Black Hawk Down,2001,144,History,Ridley Scott,Ken Nolan,Tom Sizemore
tt0265086,Black Hawk Down,2001,144,History,Ridley Scott,Ken Nolan,Eric Bana
tt0265086,Black Hawk Down,2001,144,History,Ridley Scott,Ken Nolan,Ewan McGregor
tt0265086,Black Hawk Down,2001,144,History,Ridley Scott,Ken Nolan,Josh Hartnett
tt0265086,Black Hawk Down,2001,144,War,Ridley Scott,Ken Nolan,Tom Sizemore
tt0265086,Black Hawk Down,2001,144,War,Ridley Scott,Ken Nolan,Eric Bana
tt0265086,Black Hawk Down,2001,144,War,Ridley Scott,Ken Nolan,Ewan McGregor
tt0265086,Black Hawk Down,2001,144,War,Ridley Scott,Ken Nolan,Josh Hartnett
tt0325805,Matchstick Men,2003,116,Comedy,Ridley Scott,Eric Garcia,Nicolas Cage
tt0325805,Matchstick Men,2003,116,Comedy,Ridley Scott,Eric Garcia,Sam Rockwell
tt0325805,Matchstick Men,2003,116,Comedy,Ridley Scott,Eric Garcia,Bruce Altman
tt0325805,Matchstick Men,2003,116,Comedy,Ridley Scott,Eric Garcia,Alison Lohman
tt0325805,Matchstick Men,2003,116,Crime,Ridley Scott,Eric Garcia,Nicolas Cage
tt0325805,Matchstick Men,2003,116,Crime,Ridley Scott,Eric Garcia,Sam Rockwell
tt0325805,Matchstick Men,2003,116,Crime,Ridley Scott,Eric Garcia,Bruce Altman
tt0325805,Matchstick Men,2003,116,Crime,Ridley Scott,Eric Garcia,Alison Lohman
tt0325805,Matchstick Men,2003,116,Drama,Ridley Scott,Eric Garcia,Nicolas Cage
tt0325805,Matchstick Men,2003,116,Drama,Ridley Scott,Eric Garcia,Sam Rockwell
tt0325805,Matchstick Men,2003,116,Drama,Ridley Scott,Eric Garcia,Bruce Altman
tt0325805,Matchstick Men,2003,116,Drama,Ridley Scott,Eric Garcia,Alison Lohman
tt0325805,Matchstick Men,2003,116,Comedy,Ridley Scott,Nicholas Griffin,Nicolas Cage
tt0325805,Matchstick Men,2003,116,Comedy,Ridley Scott,Nicholas Griffin,Sam Rockwell
tt0325805,Matchstick Men,2003,116,Comedy,Ridley Scott,Nicholas Griffin,Bruce Altman
tt0325805,Matchstick Men,2003,116,Comedy,Ridley Scott,Nicholas Griffin,Alison Lohman
tt0325805,Matchstick Men,2003,116,Crime,Ridley Scott,Nicholas Griffin,Nicolas Cage
tt0325805,Matchstick Men,2003,116,Crime,Ridley Scott,Nicholas Griffin,Sam Rockwell
tt0325805,Matchstick Men,2003,116,Crime,Ridley Scott,Nicholas Griffin,Bruce Altman
tt0325805,Matchstick Men,2003,116,Crime,Ridley Scott,Nicholas Griffin,Alison Lohman
tt0325805,Matchstick Men,2003,116,Drama,Ridley Scott,Nicholas Griffin,Nicolas Cage
tt0325805,Matchstick Men,2003,116,Drama,Ridley Scott,Nicholas Griffin,Sam Rockwell
tt0325805,Matchstick Men,2003,116,Drama,Ridley Scott,Nicholas Griffin,Bruce Altman
tt0325805,Matchstick Men,2003,116,Drama,Ridley Scott,Nicholas Griffin,Alison Lohman
tt0325805,Matchstick Men,2003,116,Comedy,Ridley Scott,Ted Griffin,Nicolas Cage
tt0325805,Matchstick Men,2003,116,Comedy,Ridley Scott,Ted Griffin,Sam Rockwell
tt0325805,Matchstick Men,2003,116,Comedy,Ridley Scott,Ted Griffin,Bruce Altman
tt0325805,Matchstick Men,2003,116,Comedy,Ridley Scott,Ted Griffin,Alison Lohman
tt0325805,Matchstick Men,2003,116,Crime,Ridley Scott,Ted Griffin,Nicolas Cage
tt0325805,Matchstick Men,2003,116,Crime,Ridley Scott,Ted Griffin,Sam Rockwell
tt0325805,Matchstick Men,2003,116,Crime,Ridley Scott,Ted Griffin,Bruce Altman
tt0325805,Matchstick Men,2003,116,Crime,Ridley Scott,Ted Griffin,Alison Lohman
tt0325805,Matchstick Men,2003,116,Drama,Ridley Scott,Ted Griffin,Nicolas Cage
tt0325805,Matchstick Men,2003,116,Drama,Ridley Scott,Ted Griffin,Sam Rockwell
tt0325805,Matchstick Men,2003,116,Drama,Ridley Scott,Ted Griffin,Bruce Altman
tt0325805,Matchstick Men,2003,116,Drama,Ridley Scott,Ted Griffin,Alison Lohman
tt0401445,A Good Year,2006,117,Comedy,Ridley Scott,Marc Klein,Albert Finney
tt0401445,A Good Year,2006,117,Comedy,Ridley Scott,Marc Klein,Russell Crowe
tt0401445,A Good Year,2006,117,Comedy,Ridley Scott,Marc Klein,Marion Cotillard
tt0401445,A Good Year,2006,117,Comedy,Ridley Scott,Marc Klein,Abbie Cornish
tt0401445,A Good Year,2006,117,Drama,Ridley Scott,Marc Klein,Albert Finney
tt0401445,A Good Year,2006,117,Drama,Ridley Scott,Marc Klein,Russell Crowe
tt0401445,A Good Year,2006,117,Drama,Ridley Scott,Marc Klein,Marion Cotillard
tt0401445,A Good Year,2006,117,Drama,Ridley Scott,Marc Klein,Abbie Cornish
tt0401445,A Good Year,2006,117,Romance,Ridley Scott,Marc Klein,Albert Finney
tt0401445,A Good Year,2006,117,Romance,Ridley Scott,Marc Klein,Russell Crowe
tt0401445,A Good Year,2006,117,Romance,Ridley Scott,Marc Klein,Marion Cotillard
tt0401445,A Good Year,2006,117,Romance,Ridley Scott,Marc Klein,Abbie Cornish
tt0401445,A Good Year,2006,117,Comedy,Ridley Scott,Peter Mayle,Albert Finney
tt0401445,A Good Year,2006,117,Comedy,Ridley Scott,Peter Mayle,Russell Crowe
tt0401445,A Good Year,2006,117,Comedy,Ridley Scott,Peter Mayle,Marion Cotillard
tt0401445,A Good Year,2006,117,Comedy,Ridley Scott,Peter Mayle,Abbie Cornish
tt0401445,A Good Year,2006,117,Drama,Ridley Scott,Peter Mayle,Albert Finney
tt0401445,A Good Year,2006,117,Drama,Ridley Scott,Peter Mayle,Russell Crowe
tt0401445,A Good Year,2006,117,Drama,Ridley Scott,Peter Mayle,Marion Cotillard
tt0401445,A Good Year,2006,117,Drama,Ridley Scott,Peter Mayle,Abbie Cornish
tt0401445,A Good Year,2006,117,Romance,Ridley Scott,Peter Mayle,Albert Finney
tt0401445,A Good Year,2006,117,Romance,Ridley Scott,Peter Mayle,Russell Crowe
tt0401445,A Good Year,2006,117,Romance,Ridley Scott,Peter Mayle,Marion Cotillard
tt0401445,A Good Year,2006,117,Romance,Ridley Scott,Peter Mayle,Abbie Cornish
tt2193215,The Counselor,2013,117,Crime,Ridley Scott,Cormac McCarthy,Penélope Cruz
tt2193215,The Counselor,2013,117,Crime,Ridley Scott,Cormac McCarthy,Javier Bardem
tt2193215,The Counselor,2013,117,Crime,Ridley Scott,Cormac McCarthy,Cameron Diaz
tt2193215,The Counselor,2013,117,Crime,Ridley Scott,Cormac McCarthy,Michael Fassbender
tt2193215,The Counselor,2013,117,Drama,Ridley Scott,Cormac McCarthy,Penélope Cruz
tt2193215,The Counselor,2013,117,Drama,Ridley Scott,Cormac McCarthy,Javier Bardem
tt2193215,The Counselor,2013,117,Drama,Ridley Scott,Cormac McCarthy,Cameron Diaz
tt2193215,The Counselor,2013,117,Drama,Ridley Scott,Cormac McCarthy,Michael Fassbender
tt2193215,The Counselor,2013,117,Thriller,Ridley Scott,Cormac McCarthy,Penélope Cruz
tt2193215,The Counselor,2013,117,Thriller,Ridley Scott,Cormac McCarthy,Javier Bardem
tt2193215,The Counselor,2013,117,Thriller,Ridley Scott,Cormac McCarthy,Cameron Diaz
tt2193215,The Counselor,2013,117,Thriller,Ridley Scott,Cormac McCarthy,Michael Fassbender
tt3659388,The Martian,2015,144,Adventure,Ridley Scott,Drew Goddard,Matt Damon
tt3659388,The Martian,2015,144,Adventure,Ridley Scott,Drew Goddard,Kate Mara
tt3659388,The Martian,2015,144,Adventure,Ridley Scott,Drew Goddard,Kristen Wiig
tt3659388,The Martian,2015,144,Adventure,Ridley Scott,Drew Goddard,Jessica Chastain
tt3659388,The Martian,2015,144,Drama,Ridley Scott,Drew Goddard,Matt Damon
tt3659388,The Martian,2015,144,Drama,Ridley Scott,Drew Goddard,Kate Mara
tt3659388,The Martian,2015,144,Drama,Ridley Scott,Drew Goddard,Kristen Wiig
tt3659388,The Martian,2015,144,Drama,Ridley Scott,Drew Goddard,Jessica Chastain
tt3659388,The Martian,2015,144,Sci-Fi,Ridley Scott,Drew Goddard,Matt Damon
tt3659388,The Martian,2015,144,Sci-Fi,Ridley Scott,Drew Goddard,Kate Mara
tt3659388,The Martian,2015,144,Sci-Fi,Ridley Scott,Drew Goddard,Kristen Wiig
tt3659388,The Martian,2015,144,Sci-Fi,Ridley Scott,Drew Goddard,Jessica Chastain
tt3659388,The Martian,2015,144,Adventure,Ridley Scott,Andy Weir,Matt Damon
tt3659388,The Martian,2015,144,Adventure,Ridley Scott,Andy Weir,Kate Mara
tt3659388,The Martian,2015,144,Adventure,Ridley Scott,Andy Weir,Kristen Wiig
tt3659388,The Martian,2015,144,Adventure,Ridley Scott,Andy Weir,Jessica Chastain
tt3659388,The Martian,2015,144,Drama,Ridley Scott,Andy Weir,Matt Damon
tt3659388,The Martian,2015,144,Drama,Ridley Scott,Andy Weir,Kate Mara
tt3659388,The Martian,2015,144,Drama,Ridley Scott,Andy Weir,Kristen Wiig
tt3659388,The Martian,2015,144,Drama,Ridley Scott,Andy Weir,Jessica Chastain
tt3659388,The Martian,2015,144,Sci-Fi,Ridley Scott,Andy Weir,Matt Damon
tt3659388,The Martian,2015,144,Sci-Fi,Ridley Scott,Andy Weir,Kate Mara
tt3659388,The Martian,2015,144,Sci-Fi,Ridley Scott,Andy Weir,Kristen Wiig
tt3659388,The Martian,2015,144,Sci-Fi,Ridley Scott,Andy Weir,Jessica Chastain
tt5294550,All the Money in the World,2017,132,Biography,Ridley Scott,David Scarpa,Christopher Plummer
tt5294550,All the Money in the World,2017,132,Biography,Ridley Scott,David Scarpa,Romain Duris
tt5294550,All the Money in the World,2017,132,Biography,Ridley Scott,David Scarpa,Mark Wahlberg
tt5294550,All the Money in the World,2017,132,Biography,Ridley Scott,David Scarpa,Michelle Williams
tt5294550,All the Money in the World,2017,132,Crime,Ridley Scott,David Scarpa,Christopher Plummer
tt5294550,All the Money in the World,2017,132,Crime,Ridley Scott,David Scarpa,Romain Duris
tt5294550,All the Money in the World,2017,132,Crime,Ridley Scott,David Scarpa,Mark Wahlberg
tt5294550,All the Money in the World,2017,132,Crime,Ridley Scott,David Scarpa,Michelle Williams
tt5294550,All the Money in the World,2017,132,Drama,Ridley Scott,David Scarpa,Christopher Plummer
tt5294550,All the Money in the World,2017,132,Drama,Ridley Scott,David Scarpa,Romain Duris
tt5294550,All the Money in the World,2017,132,Drama,Ridley Scott,David Scarpa,Mark Wahlberg
tt5294550,All the Money in the World,2017,132,Drama,Ridley Scott,David Scarpa,Michelle Williams
tt5294550,All the Money in the World,2017,132,Biography,Ridley Scott,John Pearson,Christopher Plummer
tt5294550,All the Money in the World,2017,132,Biography,Ridley Scott,John Pearson,Romain Duris
tt5294550,All the Money in the World,2017,132,Biography,Ridley Scott,John Pearson,Mark Wahlberg
tt5294550,All the Money in the World,2017,132,Biography,Ridley Scott,John Pearson,Michelle Williams
tt5294550,All the Money in the World,2017,132,Crime,Ridley Scott,John Pearson,Christopher Plummer
tt5294550,All the Money in the World,2017,132,Crime,Ridley Scott,John Pearson,Romain Duris
tt5294550,All the Money in the World,2017,132,Crime,Ridley Scott,John Pearson,Mark Wahlberg
tt5294550,All the Money in the World,2017,132,Crime,Ridley Scott,John Pearson,Michelle Williams
tt5294550,All the Money in the World,2017,132,Drama,Ridley Scott,John Pearson,Christopher Plummer
tt5294550,All the Money in the World,2017,132,Drama,Ridley Scott,John Pearson,Romain Duris
tt5294550,All the Money in the World,2017,132,Drama,Ridley Scott,John Pearson,Mark Wahlberg
tt5294550,All the Money in the World,2017,132,Drama,Ridley Scott,John Pearson,Michelle Williams
tt0114214,The Quick and the Dead,1995,107,Action,Sam Raimi,Simon Moore,Leonardo DiCaprio
tt0114214,The Quick and the Dead,1995,107,Romance,Sam Raimi,Simon Moore,Leonardo DiCaprio
tt0114214,The Quick and the Dead,1995,107,Thriller,Sam Raimi,Simon Moore,Leonardo DiCaprio
tt0112461,The Basketball Diaries,1995,102,Biography,Scott Kalvert,Jim Carroll,Leonardo DiCaprio
tt0112461,The Basketball Diaries,1995,102,Crime,Scott Kalvert,Jim Carroll,Leonardo DiCaprio
tt0112461,The Basketball Diaries,1995,102,Drama,Scott Kalvert,Jim Carroll,Leonardo DiCaprio
tt0112461,The Basketball Diaries,1995,102,Biography,Scott Kalvert,Bryan Goluboff,Leonardo DiCaprio
tt0112461,The Basketball Diaries,1995,102,Crime,Scott Kalvert,Bryan Goluboff,Leonardo DiCaprio
tt0112461,The Basketball Diaries,1995,102,Drama,Scott Kalvert,Bryan Goluboff,Leonardo DiCaprio
tt0116999,Marvin's Room,1996,98,Drama,Jerry Zaks,Scott McPherson,Leonardo DiCaprio
tt0119004,Don's Plum,2001,89,Comedy,R.D. Robb,Bethany Ashton Wolf,Leonardo DiCaprio
tt0119004,Don's Plum,2001,89,Drama,R.D. Robb,Bethany Ashton Wolf,Leonardo DiCaprio
tt0119004,Don's Plum,2001,89,Comedy,R.D. Robb,Tawd Beckman,Leonardo DiCaprio
tt0119004,Don's Plum,2001,89,Drama,R.D. Robb,Tawd Beckman,Leonardo DiCaprio
tt0119004,Don's Plum,2001,89,Comedy,R.D. Robb,R.D. Robb,Leonardo DiCaprio
tt0119004,Don's Plum,2001,89,Drama,R.D. Robb,R.D. Robb,Leonardo DiCaprio
tt0119004,Don's Plum,2001,89,Comedy,R.D. Robb,David Stutman,Leonardo DiCaprio
tt0119004,Don's Plum,2001,89,Drama,R.D. Robb,David Stutman,Leonardo DiCaprio
tt0119004,Don's Plum,2001,89,Comedy,R.D. Robb,Dale Wheatley,Leonardo DiCaprio
tt0119004,Don's Plum,2001,89,Drama,R.D. Robb,Dale Wheatley,Leonardo DiCaprio
tt1375666,Inception,2010,148,Action,Christopher Nolan,Christopher Nolan,Leonardo DiCaprio
tt1375666,Inception,2010,148,Adventure,Christopher Nolan,Christopher Nolan,Leonardo DiCaprio
tt1375666,Inception,2010,148,Sci-Fi,Christopher Nolan,Christopher Nolan,Leonardo DiCaprio
